name,code,founded,district_code,district,subdistrict,natural_region,metropolin,settlement_type_code,settlement_type,municipal_status,authority_cluster,authority_cluster_code,area
אבו גוש,472,,1,מחוז ירושלים,נפת ירושלים,הרי יהודה,"מטרופולין ירושלים, טבעת חיצונית, גזרה מערבית",280,"יישוב לא יהודי 9,999-5,000 תושבים",מועצה מקומית,ללא שיוך לאשכול,0,1.3
אבו סנאן,473,,2,מחוז הצפון,נפת עכו,אזור נהרייה,ללא שיוך למטרופולין,270,"יישוב לא יהודי 19,999-10,000 תושבים",מועצה מקומית,ללא שיוך לאשכול,0,2.3
אבו קורינאת (יישוב),1342,2002,6,מחוז הדרום,נפת באר שבע,אזור באר שבע,ללא שיוך למטרופולין,290,"יישוב לא יהודי 4,999-2,000 תושבים",נווה מדבר,אשכול רשויות נגב מזרחי,610,1
אבו תלול,1375,,6,מחוז הדרום,נפת באר שבע,אזור באר שבע,ללא שיוך למטרופולין,290,"יישוב לא יהודי 4,999-2,000 תושבים",נווה מדבר,אשכול רשויות נגב מזרחי,610,1.6
אבטין,652,,3,מחוז חיפה,נפת חיפה,אזור חיפה,"מטרופולין חיפה, טבעת פנימית, גזרה מזרחית",290,"יישוב לא יהודי 4,999-2,000 תושבים",זבולון,אשכול רשויות המפרץ,310,0.4
אבטליון,1275,1987,2,מחוז הצפון,נפת עכו,אזור שפרעם,ללא שיוך למטרופולין,370,יישוב קהילתי,משגב,אשכול רשויות בית הכרם הגלילי,210,0.2
אביאל,679,1949,3,מחוז חיפה,נפת חדרה,אזור חדרה,ללא שיוך למטרופולין,310,מושב,אלונה,ללא שיוך לאשכול,0,0.5
אביבים,1115,1960,2,מחוז הצפון,נפת צפת,גליל עליון מזרחי,ללא שיוך למטרופולין,310,מושב,מרום הגליל,אשכול רשויות גליל מזרחי,211,0.3
אביגדור,819,1950,6,מחוז הדרום,נפת אשקלון,אזור מלאכי,"מטרופולין תל אביב, טבעת חיצונית, גזרה דרומית",310,מושב,באר טוביה,אשכול רשויות שורק דרומי,420,0.6
אביחיל,175,1932,4,מחוז המרכז,נפת השרון,מערב השרון,"מטרופולין תל אביב, טבעת חיצונית, גזרה צפונית",310,מושב,עמק חפר,ללא שיוך לאשכול,0,0.7
אביטל,2052,1953,2,מחוז הצפון,נפת יזרעאל,עמק יזרעאל,ללא שיוך למטרופולין,310,מושב,הגלבוע,אשכול רשויות הגליל והעמקים,213,0.4
אביעזר,1070,1958,1,מחוז ירושלים,נפת ירושלים,שפלת יהודה,"מטרופולין ירושלים, טבעת חיצונית, גזרה מערבית",310,מושב,מטה יהודה,ללא שיוך לאשכול,0,0.3
אבירים,1220,1980,2,מחוז הצפון,נפת עכו,אזור אילון,ללא שיוך למטרופולין,370,יישוב קהילתי,מעלה יוסף,אשכול רשויות גליל מערבי,212,0.1
אבן יהודה,182,1932,4,מחוז המרכז,נפת השרון,מערב השרון,"מטרופולין תל אביב, טבעת חיצונית, גזרה צפונית",170,"יישוב יהודי 19,999-10,000 תושבים",מועצה מקומית,ללא שיוך לאשכול,0,3.5
אבן מנחם,1081,1960,2,מחוז הצפון,נפת עכו,אזור אילון,ללא שיוך למטרופולין,310,מושב,מעלה יוסף,אשכול רשויות גליל מערבי,212,0.3
אבן ספיר,783,1950,1,מחוז ירושלים,נפת ירושלים,הרי יהודה,"מטרופולין ירושלים, טבעת חיצונית, גזרה מערבית",310,מושב,מטה יהודה,ללא שיוך לאשכול,0,0.3
אבן שמואל,400,1956,6,מחוז הדרום,נפת אשקלון,אזור לכיש,ללא שיוך למטרופולין,190,"יישוב יהודי 4,999-2,000 תושבים",שפיר,ללא שיוך לאשכול,0,0.5
אבני איתן,4011,1978,2,מחוז הצפון,נפת גולן,גולן דרומי,ללא שיוך למטרופולין,310,מושב,גולן,אשכול רשויות גליל מזרחי,211,0.4
אבני חפץ,3793,1990,7,אזור יהודה ושומרון,,,ללא שיוך למטרופולין,190,"יישוב יהודי 4,999-2,000 תושבים",שומרון,אשכול רשויות יהודה ושומרון,710,0.3
אבנת,3786,1983,7,אזור יהודה ושומרון,,,ללא שיוך למטרופולין,370,יישוב קהילתי,מגילות ים המלח,אשכול רשויות יהודה ושומרון,710,0.1
אבשלום,1311,1990,6,מחוז הדרום,נפת באר שבע,אזור בשור,ללא שיוך למטרופולין,370,יישוב קהילתי,אשכול,אשכול רשויות נגב מערבי,620,0.1
אדורה,3759,1984,7,אזור יהודה ושומרון,,,ללא שיוך למטרופולין,370,יישוב קהילתי,הר חברון,אשכול רשויות יהודה ושומרון,710,0.1
אדירים,113,1956,2,מחוז הצפון,נפת יזרעאל,עמק יזרעאל,ללא שיוך למטרופולין,310,מושב,הגלבוע,אשכול רשויות הגליל והעמקים,213,0.3
אדמית,1068,1958,2,מחוז הצפון,נפת עכו,אזור אילון,ללא שיוך למטרופולין,330,קיבוץ,מטה אשר,אשכול רשויות גליל מערבי,212,0.1
אדרת,1123,1961,1,מחוז ירושלים,נפת ירושלים,שפלת יהודה,"מטרופולין ירושלים, טבעת חיצונית, גזרה מערבית",310,מושב,מטה יהודה,ללא שיוך לאשכול,0,0.3
אודים,446,1948,4,מחוז המרכז,נפת השרון,מערב השרון,"מטרופולין תל אביב, טבעת חיצונית, גזרה צפונית",310,מושב,חוף השרון,ללא שיוך לאשכול,0,0.6
אודם,4010,1976,2,מחוז הצפון,נפת גולן,גולן צפוני,ללא שיוך למטרופולין,320,מושב שיתופי,גולן,אשכול רשויות גליל מזרחי,211,0.1
אוהד,1046,1969,6,מחוז הדרום,נפת באר שבע,אזור בשור,ללא שיוך למטרופולין,310,מושב,אשכול,אשכול רשויות נגב מערבי,620,0.3
אום אל-פחם,2710,,3,מחוז חיפה,נפת חדרה,הר אלכסנדר,ללא שיוך למטרופולין,250,"יישוב לא יהודי 99,999-50,000 תושבים",עירייה,ללא שיוך לאשכול,0,9.4
אום אל-קוטוף,2024,,3,מחוז חיפה,נפת חדרה,הר אלכסנדר,ללא שיוך למטרופולין,450,יישוב כפרי אחר לא יהודי,מנשה,ללא שיוך לאשכול,0,0.3
אום בטין,1358,2005,6,מחוז הדרום,נפת באר שבע,אזור באר שבע,"מטרופולין באר שבע, טבעת חיצונית, גזרה מזרחית",290,"יישוב לא יהודי 4,999-2,000 תושבים",אל קסום,אשכול רשויות נגב מזרחי,610,1.9
אומן,1108,1958,2,מחוז הצפון,נפת יזרעאל,עמק יזרעאל,ללא שיוך למטרופולין,350,יישוב כפרי אחר יהודי,הגלבוע,אשכול רשויות הגליל והעמקים,213,0.2
אומץ,680,1949,4,מחוז המרכז,נפת השרון,מזרח השרון,"מטרופולין תל אביב, טבעת חיצונית, גזרה צפונית",310,מושב,עמק חפר,ללא שיוך לאשכול,0,0.4
אופקים,31,1955,6,מחוז הדרום,נפת באר שבע,אזור בשור,ללא שיוך למטרופולין,160,"יישוב יהודי 49,999-20,000 תושבים",עירייה,אשכול רשויות נגב מערבי,620,4.9
אור הגנוז,1294,1989,2,מחוז הצפון,נפת צפת,גליל עליון מזרחי,ללא שיוך למטרופולין,320,מושב שיתופי,מרום הגליל,אשכול רשויות גליל מזרחי,211,0.2
אור הנר,67,1957,6,מחוז הדרום,נפת אשקלון,אזור אשקלון,ללא שיוך למטרופולין,330,קיבוץ,שער הנגב,אשכול רשויות נגב מערבי,620,0.3
אור יהודה,2400,1950,5,מחוז תל אביב,נפת תל אביב,אזור רמת גן,"מטרופולין תל אביב, טבעת פנימית, גזרה מזרחית",160,"יישוב יהודי 49,999-20,000 תושבים",עירייה,ללא שיוך לאשכול,0,3.3
אור עקיבא,1020,1951,3,מחוז חיפה,נפת חדרה,אזור חדרה,ללא שיוך למטרופולין,160,"יישוב יהודי 49,999-20,000 תושבים",עירייה,ללא שיוך לאשכול,0,2.9
אורה,780,1950,1,מחוז ירושלים,נפת ירושלים,הרי יהודה,"מטרופולין ירושלים, טבעת חיצונית, גזרה מערבית",310,מושב,מטה יהודה,ללא שיוך לאשכול,0,0.6
אורות,2012,1952,6,מחוז הדרום,נפת אשקלון,אזור מלאכי,"מטרופולין תל אביב, טבעת חיצונית, גזרה דרומית",310,מושב,באר טוביה,אשכול רשויות שורק דרומי,420,0.4
אורטל,4013,1978,2,מחוז הצפון,נפת גולן,גולן צפוני,ללא שיוך למטרופולין,330,קיבוץ,גולן,אשכול רשויות גליל מזרחי,211,0.2
אורים,403,1946,6,מחוז הדרום,נפת באר שבע,אזור בשור,ללא שיוך למטרופולין,330,קיבוץ,אשכול,אשכול רשויות נגב מערבי,620,0.3
אורנית,3760,1985,7,אזור יהודה ושומרון,,,"מטרופולין תל אביב, טבעת חיצונית, גזרת יישובים ישראלים ביהודה ושומרון",180,"יישוב יהודי 9,999-5,000 תושבים",מועצה מקומית,אשכול רשויות יהודה ושומרון,710,1.4
אושה,278,1937,3,מחוז חיפה,נפת חיפה,אזור חיפה,"מטרופולין חיפה, טבעת פנימית, גזרה מזרחית",330,קיבוץ,זבולון,אשכול רשויות המפרץ,310,0.2
אזור,565,1948,5,מחוז תל אביב,נפת תל אביב,אזור חולון,"מטרופולין תל אביב, טבעת פנימית, גזרה דרומית",170,"יישוב יהודי 19,999-10,000 תושבים",מועצה מקומית,ללא שיוך לאשכול,0,2
אחווה,1157,1976,6,מחוז הדרום,נפת אשקלון,אזור מלאכי,"מטרופולין תל אביב, טבעת חיצונית, גזרה דרומית",350,יישוב כפרי אחר יהודי,באר טוביה,אשכול רשויות שורק דרומי,420,0.1
אחוזם,821,1950,6,מחוז הדרום,נפת אשקלון,אזור לכיש,ללא שיוך למטרופולין,310,מושב,לכיש,ללא שיוך לאשכול,0,0.5
אחוזת ברק,1330,1998,2,מחוז הצפון,נפת יזרעאל,עמק יזרעאל,ללא שיוך למטרופולין,190,"יישוב יהודי 4,999-2,000 תושבים",עמק יזרעאל,אשכול רשויות הגליל והעמקים,213,0.4
אחיהוד,785,1950,2,מחוז הצפון,נפת עכו,אזור עכו,"מטרופולין חיפה, טבעת חיצונית, גזרה צפונית",310,מושב,מטה אשר,אשכול רשויות גליל מערבי,212,0.5
אחיטוב,850,1951,4,מחוז המרכז,נפת השרון,מזרח השרון,"מטרופולין תל אביב, טבעת חיצונית, גזרה צפונית",310,מושב,עמק חפר,ללא שיוך לאשכול,0,0.5
אחיסמך,804,1950,4,מחוז המרכז,נפת רמלה,אזור מודיעין,"מטרופולין תל אביב, טבעת חיצונית, גזרה מזרחית",310,מושב,חבל מודיעין,ללא שיוך לאשכול,0,0.6
אחיעזר,797,1950,4,מחוז המרכז,נפת רמלה,אזור מודיעין,"מטרופולין תל אביב, טבעת תיכונה, גזרה דרומית",310,מושב,שדות דן,ללא שיוך לאשכול,0,0.6
אייל,716,1949,4,מחוז המרכז,נפת פתח תקווה,דרום השרון,"מטרופולין תל אביב, טבעת חיצונית, גזרה צפונית",330,קיבוץ,דרום השרון,אשכול רשויות השרון,410,0.3
איילת השחר,77,1918,2,מחוז הצפון,נפת צפת,עמק חולה,ללא שיוך למטרופולין,330,קיבוץ,הגליל העליון,אשכול רשויות גליל מזרחי,211,0.4
אילון,294,1938,2,מחוז הצפון,נפת עכו,אזור אילון,ללא שיוך למטרופולין,330,קיבוץ,מטה אשר,אשכול רשויות גליל מערבי,212,0.6
אילות,1126,1962,6,מחוז הדרום,נפת באר שבע,אזור הערבה,ללא שיוך למטרופולין,330,קיבוץ,חבל אילות,אשכול רשויות נגב מזרחי,610,0.2
אילנייה,49,1902,2,מחוז הצפון,נפת כנרת,גליל תחתון מזרחי,ללא שיוך למטרופולין,310,מושב,הגליל התחתון,אשכול רשויות הכנרת והעמקים,214,0.5
אילת,2600,1951,6,מחוז הדרום,נפת באר שבע,אזור הערבה,ללא שיוך למטרופולין,150,"יישוב יהודי 99,999-50,000 תושבים",עירייה,ללא שיוך לאשכול,0,14.1
אירוס,1336,2013,4,מחוז המרכז,נפת רחובות,אזור ראשון לציון,"מטרופולין תל אביב, טבעת חיצונית, גזרה דרומית",370,יישוב קהילתי,גן רווה,ללא שיוך לאשכול,0,0.3
איתמר,3762,1984,7,אזור יהודה ושומרון,,,ללא שיוך למטרופולין,370,יישוב קהילתי,שומרון,אשכול רשויות יהודה ושומרון,710,0.2
איתן,37,1955,6,מחוז הדרום,נפת אשקלון,אזור לכיש,ללא שיוך למטרופולין,310,מושב,שפיר,ללא שיוך לאשכול,0,0.4
אכסאל,478,,2,מחוז הצפון,נפת יזרעאל,הרי נצרת-תירען,ללא שיוך למטרופולין,270,"יישוב לא יהודי 19,999-10,000 תושבים",מועצה מקומית,אשכול רשויות הגליל והעמקים,213,2
אל -עזי,1339,,6,מחוז הדרום,נפת אשקלון,אזור מלאכי,ללא שיוך למטרופולין,450,יישוב כפרי אחר לא יהודי,יואב,אשכול רשויות שורק דרומי,420,0
אל -עריאן,1316,,3,מחוז חיפה,נפת חדרה,הר אלכסנדר,ללא שיוך למטרופולין,450,יישוב כפרי אחר לא יהודי,מנשה,ללא שיוך לאשכול,0,0
אל -רום,4003,1971,2,מחוז הצפון,נפת גולן,גולן צפוני,ללא שיוך למטרופולין,330,קיבוץ,גולן,אשכול רשויות גליל מזרחי,211,0.2
אל סייד,1359,2006,6,מחוז הדרום,נפת באר שבע,אזור באר שבע,"מטרופולין באר שבע, טבעת חיצונית, גזרה מזרחית",280,"יישוב לא יהודי 9,999-5,000 תושבים",אל קסום,אשכול רשויות נגב מזרחי,610,1.4
אלומה,1145,1965,6,מחוז הדרום,נפת אשקלון,אזור מלאכי,ללא שיוך למטרופולין,350,יישוב כפרי אחר יהודי,שפיר,ללא שיוך לאשכול,0,0.2
אלומות,330,1941,2,מחוז הצפון,נפת כנרת,כנרות,ללא שיוך למטרופולין,330,קיבוץ,עמק הירדן,אשכול רשויות הכנרת והעמקים,214,0.2
אלון הגליל,1182,1980,2,מחוז הצפון,נפת יזרעאל,הרי נצרת-תירען,"מטרופולין חיפה, טבעת חיצונית, גזרה מזרחית",310,מושב,עמק יזרעאל,אשכול רשויות הגליל והעמקים,213,0.3
אלון מורה,3579,1979,7,אזור יהודה ושומרון,,,ללא שיוך למטרופולין,190,"יישוב יהודי 4,999-2,000 תושבים",שומרון,אשכול רשויות יהודה ושומרון,710,0.4
אלון שבות,3604,1970,7,אזור יהודה ושומרון,,,"מטרופולין ירושלים, טבעת חיצונית, גזרת יישובים ישראלים ביהודה ושומרון",190,"יישוב יהודי 4,999-2,000 תושבים",גוש עציון,ללא שיוך לאשכול,0,0.4
אלוני אבא,429,1948,2,מחוז הצפון,נפת יזרעאל,הרי נצרת-תירען,"מטרופולין חיפה, טבעת חיצונית, גזרה מזרחית",320,מושב שיתופי,עמק יזרעאל,אשכול רשויות הגליל והעמקים,213,0.4
אלוני הבשן,4017,1981,2,מחוז הצפון,נפת גולן,גולן צפוני,ללא שיוך למטרופולין,320,מושב שיתופי,גולן,אשכול רשויות גליל מזרחי,211,0.1
אלונים,285,1938,2,מחוז הצפון,נפת יזרעאל,אזור יקנעם,"מטרופולין חיפה, טבעת חיצונית, גזרה מזרחית",330,קיבוץ,עמק יזרעאל,אשכול רשויות הגליל והעמקים,213,0.3
אלי-עד,4002,1968,2,מחוז הצפון,נפת גולן,גולן דרומי,ללא שיוך למטרופולין,310,מושב,גולן,אשכול רשויות גליל מזרחי,211,0.4
אליאב,1365,2013,6,מחוז הדרום,נפת אשקלון,אזור לכיש,ללא שיוך למטרופולין,370,יישוב קהילתי,לכיש,ללא שיוך לאשכול,0,0.1
אליכין,41,1950,4,מחוז המרכז,נפת השרון,מערב השרון,"מטרופולין תל אביב, טבעת חיצונית, גזרה צפונית",190,"יישוב יהודי 4,999-2,000 תושבים",מועצה מקומית,ללא שיוך לאשכול,0,0.9
אליפז,1248,1982,6,מחוז הדרום,נפת באר שבע,אזור הערבה,ללא שיוך למטרופולין,330,קיבוץ,חבל אילות,אשכול רשויות נגב מזרחי,610,0.1
אליפלט,730,1949,2,מחוז הצפון,נפת צפת,אזור חצור,ללא שיוך למטרופולין,310,מושב,מבואות החרמון,אשכול רשויות גליל מזרחי,211,0.4
אליקים,682,1949,2,מחוז הצפון,נפת יזרעאל,רמת מנשה,ללא שיוך למטרופולין,310,מושב,מגידו,אשכול רשויות הגליל והעמקים,213,0.4
אלישיב,204,1933,4,מחוז המרכז,נפת השרון,מערב השרון,"מטרופולין תל אביב, טבעת חיצונית, גזרה צפונית",310,מושב,עמק חפר,ללא שיוך לאשכול,0,0.2
אלישמע,841,1951,4,מחוז המרכז,נפת פתח תקווה,דרום השרון,"מטרופולין תל אביב, טבעת חיצונית, גזרה מזרחית",310,מושב,דרום השרון,אשכול רשויות השרון,410,0.6
אלמגור,1125,1961,2,מחוז הצפון,נפת כנרת,כנרות,ללא שיוך למטרופולין,310,מושב,עמק הירדן,אשכול רשויות הכנרת והעמקים,214,0.3
אלמוג,3556,1977,7,אזור יהודה ושומרון,,,ללא שיוך למטרופולין,330,קיבוץ,מגילות ים המלח,אשכול רשויות יהודה ושומרון,710,0.2
אלעד,1309,1998,4,מחוז המרכז,נפת פתח תקווה,אזור פתח תקווה,"מטרופולין תל אביב, טבעת חיצונית, גזרה מזרחית",160,"יישוב יהודי 49,999-20,000 תושבים",עירייה,ללא שיוך לאשכול,0,2
אלעזר,3618,1975,7,אזור יהודה ושומרון,,,"מטרופולין ירושלים, טבעת חיצונית, גזרת יישובים ישראלים ביהודה ושומרון",190,"יישוב יהודי 4,999-2,000 תושבים",גוש עציון,ללא שיוך לאשכול,0,0.3
אלפי מנשה,3750,1983,7,אזור יהודה ושומרון,,,"מטרופולין תל אביב, טבעת חיצונית, גזרת יישובים ישראלים ביהודה ושומרון",180,"יישוב יהודי 9,999-5,000 תושבים",מועצה מקומית,אשכול רשויות יהודה ושומרון,710,1.2
אלקוש,603,1949,2,מחוז הצפון,נפת עכו,אזור אילון,ללא שיוך למטרופולין,310,מושב,מעלה יוסף,אשכול רשויות גליל מערבי,212,0.3
אלקנה,3560,1977,7,אזור יהודה ושומרון,,,"מטרופולין תל אביב, טבעת חיצונית, גזרת יישובים ישראלים ביהודה ושומרון",190,"יישוב יהודי 4,999-2,000 תושבים",מועצה מקומית,אשכול רשויות יהודה ושומרון,710,1
אמונים,772,1950,6,מחוז הדרום,נפת אשקלון,אזור מלאכי,"מטרופולין תל אביב, טבעת חיצונית, גזרה דרומית",310,מושב,באר טוביה,אשכול רשויות שורק דרומי,420,0.7
אמירים,1064,1950,2,מחוז הצפון,נפת צפת,גליל עליון מזרחי,ללא שיוך למטרופולין,310,מושב,מרום הגליל,אשכול רשויות גליל מזרחי,211,0.5
אמנון,1253,1983,2,מחוז הצפון,נפת צפת,אזור חצור,ללא שיוך למטרופולין,310,מושב,מבואות החרמון,אשכול רשויות גליל מזרחי,211,0.2
אמציה,23,1955,6,מחוז הדרום,נפת אשקלון,אזור לכיש,ללא שיוך למטרופולין,320,מושב שיתופי,לכיש,ללא שיוך לאשכול,0,0.1
אניעם,4012,1978,2,מחוז הצפון,נפת גולן,גולן תיכון,ללא שיוך למטרופולין,310,מושב,גולן,אשכול רשויות גליל מזרחי,211,0.3
אספר,3754,1983,7,אזור יהודה ושומרון,,,ללא שיוך למטרופולין,370,יישוב קהילתי,גוש עציון,ללא שיוך לאשכול,0,0.2
אעבלין,529,,2,מחוז הצפון,נפת עכו,אזור שפרעם,"מטרופולין חיפה, טבעת חיצונית, גזרה צפונית",270,"יישוב לא יהודי 19,999-10,000 תושבים",מועצה מקומית,אשכול רשויות המפרץ,310,3.5
אפיק,4301,1967,2,מחוז הצפון,נפת גולן,גולן דרומי,ללא שיוך למטרופולין,330,קיבוץ,גולן,אשכול רשויות גליל מזרחי,211,0.3
אפיקים,176,1932,2,מחוז הצפון,נפת כנרת,כנרות,ללא שיוך למטרופולין,330,קיבוץ,עמק הירדן,אשכול רשויות הכנרת והעמקים,214,0.5
אפק,313,1939,2,מחוז הצפון,נפת עכו,אזור עכו,"מטרופולין חיפה, טבעת חיצונית, גזרה צפונית",330,קיבוץ,מטה אשר,אשכול רשויות גליל מערבי,212,0.4
אפרת,3650,1980,7,אזור יהודה ושומרון,,,"מטרופולין ירושלים, טבעת חיצונית, גזרת יישובים ישראלים ביהודה ושומרון",170,"יישוב יהודי 19,999-10,000 תושבים",מועצה מקומית,ללא שיוך לאשכול,0,1.5
ארבל,701,1949,2,מחוז הצפון,נפת כנרת,גליל תחתון מזרחי,ללא שיוך למטרופולין,310,מושב,הגליל התחתון,אשכול רשויות הכנרת והעמקים,214,0.4
ארגמן,3598,1968,7,אזור יהודה ושומרון,,,ללא שיוך למטרופולין,310,מושב,ערבות הירדן,אשכול רשויות יהודה ושומרון,710,0.1
ארז,714,1949,6,מחוז הדרום,נפת אשקלון,אזור אשקלון,ללא שיוך למטרופולין,330,קיבוץ,שער הנגב,אשכול רשויות נגב מערבי,620,0.3
אריאל,3570,1978,7,אזור יהודה ושומרון,,,"מטרופולין תל אביב, טבעת חיצונית, גזרת יישובים ישראלים ביהודה ושומרון",160,"יישוב יהודי 49,999-20,000 תושבים",עירייה,ללא שיוך לאשכול,0,3.2
ארסוף,1324,1995,4,מחוז המרכז,נפת השרון,מערב השרון,"מטרופולין תל אביב, טבעת חיצונית, גזרה צפונית",350,יישוב כפרי אחר יהודי,חוף השרון,ללא שיוך לאשכול,0,0.1
אשבול,71,1955,6,מחוז הדרום,נפת באר שבע,אזור גרר,ללא שיוך למטרופולין,310,מושב,מרחבים,אשכול רשויות נגב מערבי,620,0.4
אשבל,1276,1979,2,מחוז הצפון,נפת עכו,אזור שפרעם,"מטרופולין חיפה, טבעת חיצונית, גזרה צפונית",330,קיבוץ,משגב,אשכול רשויות בית הכרם הגלילי,210,0
אשדוד,70,1955,6,מחוז הדרום,נפת אשקלון,אזור אשדוד,"מטרופולין תל אביב, טבעת חיצונית, גזרה דרומית",130,"יישוב יהודי 499,999-200,000 תושבים",עירייה,ללא שיוך לאשכול,0,19.8
אשדות יעקב (איחוד),199,1933,2,מחוז הצפון,נפת כנרת,כנרות,ללא שיוך למטרופולין,330,קיבוץ,עמק הירדן,אשכול רשויות הכנרת והעמקים,214,0.3
אשדות יעקב (מאוחד),188,1933,2,מחוז הצפון,נפת כנרת,כנרות,ללא שיוך למטרופולין,330,קיבוץ,עמק הירדן,אשכול רשויות הכנרת והעמקים,214,0.3
אשחר,1188,1986,2,מחוז הצפון,נפת עכו,אזור שפרעם,"מטרופולין חיפה, טבעת חיצונית, גזרה צפונית",370,יישוב קהילתי,משגב,אשכול רשויות בית הכרם הגלילי,210,0.2
אשכולות,3722,1982,7,אזור יהודה ושומרון,,,ללא שיוך למטרופולין,370,יישוב קהילתי,הר חברון,אשכול רשויות יהודה ושומרון,710,0.2
אשלים,1152,1976,6,מחוז הדרום,נפת באר שבע,הר הנגב הצפוני,ללא שיוך למטרופולין,370,יישוב קהילתי,רמת נגב,אשכול רשויות נגב מזרחי,610,0.3
אשקלון,7100,1948,6,מחוז הדרום,נפת אשקלון,אזור אשקלון,ללא שיוך למטרופולין,140,"יישוב יהודי 199,999-100,000 תושבים",עירייה,ללא שיוך לאשכול,0,16.7
אשרת,1256,1983,2,מחוז הצפון,נפת עכו,אזור נהרייה,ללא שיוך למטרופולין,370,יישוב קהילתי,מטה אשר,אשכול רשויות גליל מערבי,212,0.2
אשתאול,740,1949,1,מחוז ירושלים,נפת ירושלים,שפלת יהודה,"מטרופולין ירושלים, טבעת חיצונית, גזרה מערבית",310,מושב,מטה יהודה,ללא שיוך לאשכול,0,0.5
באקה אל-גרביה,6000,,3,מחוז חיפה,נפת חדרה,אזור חדרה,ללא שיוך למטרופולין,260,"יישוב לא יהודי 49,999-20,000 תושבים",עירייה,ללא שיוך לאשכול,0,6.5
באר אורה,21,1950,6,מחוז הדרום,נפת באר שבע,אזור הערבה,ללא שיוך למטרופולין,370,יישוב קהילתי,חבל אילות,אשכול רשויות נגב מזרחי,610,0.2
באר גנים,1376,2012,6,מחוז הדרום,נפת אשקלון,אזור אשקלון,ללא שיוך למטרופולין,370,יישוב קהילתי,חוף אשקלון,אשכול רשויות נגב מערבי,620,0.7
באר טוביה,155,1930,6,מחוז הדרום,נפת אשקלון,אזור מלאכי,"מטרופולין תל אביב, טבעת חיצונית, גזרה דרומית",310,מושב,באר טוביה,אשכול רשויות שורק דרומי,420,1
באר יעקב,2530,1907,4,מחוז המרכז,נפת רמלה,אזור מודיעין,"מטרופולין תל אביב, טבעת תיכונה, גזרה דרומית",160,"יישוב יהודי 49,999-20,000 תושבים",עירייה,ללא שיוך לאשכול,0,3.6
באר מילכה,1278,2006,6,מחוז הדרום,נפת באר שבע,הר הנגב הצפוני,ללא שיוך למטרופולין,310,מושב,רמת נגב,אשכול רשויות נגב מזרחי,610,0.1
באר שבע,9000,1948,6,מחוז הדרום,נפת באר שבע,אזור באר שבע,"מטרופולין באר שבע, גלעין",130,"יישוב יהודי 499,999-200,000 תושבים",עירייה,ללא שיוך לאשכול,0,30.2
בארות יצחק,450,1948,4,מחוז המרכז,נפת פתח תקווה,אזור פתח תקווה,"מטרופולין תל אביב, טבעת חיצונית, גזרה מזרחית",330,קיבוץ,חבל מודיעין,ללא שיוך לאשכול,0,0.3
בארותיים,697,1949,4,מחוז המרכז,נפת השרון,מזרח השרון,"מטרופולין תל אביב, טבעת חיצונית, גזרה צפונית",310,מושב,עמק חפר,ללא שיוך לאשכול,0,0.6
בארי,399,1946,6,מחוז הדרום,נפת באר שבע,אזור בשור,ללא שיוך למטרופולין,330,קיבוץ,אשכול,אשכול רשויות נגב מערבי,620,0.4
בוסתן הגליל,559,1948,2,מחוז הצפון,נפת עכו,אזור עכו,"מטרופולין חיפה, טבעת חיצונית, גזרה צפונית",310,מושב,מטה אשר,אשכול רשויות גליל מערבי,212,0.7
בועיינה-נוג'ידאת,482,,2,מחוז הצפון,נפת יזרעאל,הרי נצרת-תירען,ללא שיוך למטרופולין,270,"יישוב לא יהודי 19,999-10,000 תושבים",מועצה מקומית,אשכול רשויות הכנרת והעמקים,214,1.5
בוקעאתא,4001,,2,מחוז הצפון,נפת גולן,גולן צפוני,ללא שיוך למטרופולין,280,"יישוב לא יהודי 9,999-5,000 תושבים",מועצה מקומית,אשכול רשויות גליל מזרחי,211,1.6
בורגתה,698,1949,4,מחוז המרכז,נפת השרון,מערב השרון,"מטרופולין תל אביב, טבעת חיצונית, גזרה צפונית",310,מושב,עמק חפר,ללא שיוך לאשכול,0,0.5
בחן,2043,1953,4,מחוז המרכז,נפת השרון,מזרח השרון,"מטרופולין תל אביב, טבעת חיצונית, גזרה צפונית",330,קיבוץ,עמק חפר,ללא שיוך לאשכול,0,0.3
בטחה,762,1950,6,מחוז הדרום,נפת באר שבע,אזור בשור,"מטרופולין באר שבע, טבעת חיצונית, גזרה מערבית",310,מושב,מרחבים,אשכול רשויות נגב מערבי,620,0.6
ביצרון,234,1935,6,מחוז הדרום,נפת אשקלון,אזור מלאכי,"מטרופולין תל אביב, טבעת חיצונית, גזרה דרומית",310,מושב,באר טוביה,אשכול רשויות שורק דרומי,420,0.8
ביר אל-מכסור,998,,2,מחוז הצפון,נפת עכו,אזור שפרעם,"מטרופולין חיפה, טבעת חיצונית, גזרה צפונית",280,"יישוב לא יהודי 9,999-5,000 תושבים",מועצה מקומית,אשכול רשויות המפרץ,310,2.3
ביר הדאג',1348,2004,6,מחוז הדרום,נפת באר שבע,הר הנגב הצפוני,ללא שיוך למטרופולין,280,"יישוב לא יהודי 9,999-5,000 תושבים",נווה מדבר,אשכול רשויות נגב מזרחי,610,0.7
בירייה,368,1945,2,מחוז הצפון,נפת צפת,גליל עליון מזרחי,ללא שיוך למטרופולין,350,יישוב כפרי אחר יהודי,מרום הגליל,אשכול רשויות גליל מזרחי,211,0.2
בית אורן,317,1939,3,מחוז חיפה,נפת חדרה,אזור זכרון יעקב,"מטרופולין חיפה, טבעת פנימית, גזרה דרומית",330,קיבוץ,חוף הכרמל,ללא שיוך לאשכול,0,0.1
בית אל,3574,1977,7,אזור יהודה ושומרון,,,"מטרופולין ירושלים, טבעת חיצונית, גזרת יישובים ישראלים ביהודה ושומרון",180,"יישוב יהודי 9,999-5,000 תושבים",מועצה מקומית,אשכול רשויות יהודה ושומרון,710,0.7
בית אלעזרי,562,1948,4,מחוז המרכז,נפת רחובות,אזור רחובות,"מטרופולין תל אביב, טבעת חיצונית, גזרה דרומית",310,מושב,ברנר,אשכול רשויות שורק דרומי,420,0.9
בית אלפא,95,1922,2,מחוז הצפון,נפת יזרעאל,עמק חרוד,ללא שיוך למטרופולין,330,קיבוץ,הגלבוע,אשכול רשויות הגליל והעמקים,213,0.4
בית אריה,3652,1981,7,אזור יהודה ושומרון,,,"מטרופולין תל אביב, טבעת חיצונית, גזרת יישובים ישראלים ביהודה ושומרון",180,"יישוב יהודי 9,999-5,000 תושבים",מועצה מקומית,ללא שיוך לאשכול,0,1.3
בית ג'ן,480,,2,מחוז הצפון,נפת עכו,אזור יחיעם,ללא שיוך למטרופולין,270,"יישוב לא יהודי 19,999-10,000 תושבים",מועצה מקומית,אשכול רשויות גליל מערבי,212,3.2
בית גוברין,619,1949,6,מחוז הדרום,נפת אשקלון,אזור לכיש,ללא שיוך למטרופולין,330,קיבוץ,יואב,אשכול רשויות שורק דרומי,420,0.2
בית גמליאל,571,1949,4,מחוז המרכז,נפת רחובות,אזור רחובות,"מטרופולין תל אביב, טבעת חיצונית, גזרה דרומית",310,מושב,חבל יבנה,אשכול רשויות שורק דרומי,420,0.6
בית דגן,466,1948,4,מחוז המרכז,נפת רמלה,אזור מודיעין,"מטרופולין תל אביב, טבעת תיכונה, גזרה דרומית",180,"יישוב יהודי 9,999-5,000 תושבים",מועצה מקומית,ללא שיוך לאשכול,0,1.1
בית הגדי,723,1949,6,מחוז הדרום,נפת באר שבע,אזור גרר,ללא שיוך למטרופולין,310,מושב,שדות נגב,אשכול רשויות נגב מערבי,620,0.6
בית הלוי,373,1945,4,מחוז המרכז,נפת השרון,מערב השרון,"מטרופולין תל אביב, טבעת חיצונית, גזרה צפונית",310,מושב,עמק חפר,ללא שיוך לאשכול,0,0.5
בית הלל,322,1940,2,מחוז הצפון,נפת צפת,עמק חולה,ללא שיוך למטרופולין,310,מושב,מבואות החרמון,אשכול רשויות גליל מזרחי,211,0.6
בית העמק,572,1949,2,מחוז הצפון,נפת עכו,אזור נהרייה,ללא שיוך למטרופולין,330,קיבוץ,מטה אשר,אשכול רשויות גליל מערבי,212,0.5
בית הערבה,3645,1980,7,אזור יהודה ושומרון,,,ללא שיוך למטרופולין,330,קיבוץ,מגילות ים המלח,אשכול רשויות יהודה ושומרון,710,0.1
בית השיטה,242,1935,2,מחוז הצפון,נפת יזרעאל,עמק חרוד,ללא שיוך למטרופולין,330,קיבוץ,הגלבוע,אשכול רשויות הגליל והעמקים,213,0.7
בית זיד,353,1943,2,מחוז הצפון,נפת יזרעאל,אזור יקנעם,ללא שיוך למטרופולין,350,יישוב כפרי אחר יהודי,עמק יזרעאל,אשכול רשויות הגליל והעמקים,213,0.1
בית זית,710,1949,1,מחוז ירושלים,נפת ירושלים,הרי יהודה,"מטרופולין ירושלים, טבעת חיצונית, גזרה מערבית",310,מושב,מטה יהודה,ללא שיוך לאשכול,0,0.6
בית זרע,143,1926,2,מחוז הצפון,נפת כנרת,כנרות,ללא שיוך למטרופולין,330,קיבוץ,עמק הירדן,אשכול רשויות הכנרת והעמקים,214,0.3
בית חורון,3575,1977,7,אזור יהודה ושומרון,,,"מטרופולין ירושלים, טבעת חיצונית, גזרת יישובים ישראלים ביהודה ושומרון",370,יישוב קהילתי,מטה בנימין,אשכול רשויות יהודה ושומרון,710,0.2
בית חירות,877,1933,4,מחוז המרכז,נפת השרון,מערב השרון,"מטרופולין תל אביב, טבעת חיצונית, גזרה צפונית",320,מושב שיתופי,עמק חפר,ללא שיוך לאשכול,0,0.3
בית חלקיה,2033,1953,4,מחוז המרכז,נפת רחובות,אזור רחובות,"מטרופולין תל אביב, טבעת חיצונית, גזרה דרומית",310,מושב,נחל שורק,אשכול רשויות שורק דרומי,420,0.4
בית חנן,159,1930,4,מחוז המרכז,נפת רחובות,אזור ראשון לציון,"מטרופולין תל אביב, טבעת חיצונית, גזרה דרומית",310,מושב,גן רווה,ללא שיוך לאשכול,0,0.4
בית חנניה,800,1950,3,מחוז חיפה,נפת חדרה,אזור חדרה,ללא שיוך למטרופולין,310,מושב,חוף הכרמל,ללא שיוך לאשכול,0,0.4
בית חשמונאי,1050,1972,4,מחוז המרכז,נפת רמלה,אזור מודיעין,"מטרופולין תל אביב, טבעת חיצונית, גזרה דרומית",190,"יישוב יהודי 4,999-2,000 תושבים",גזר,ללא שיוך לאשכול,0,0.4
בית יהושע,288,1938,4,מחוז המרכז,נפת השרון,מערב השרון,"מטרופולין תל אביב, טבעת חיצונית, גזרה צפונית",310,מושב,חוף השרון,ללא שיוך לאשכול,0,0.6
בית יוסף,265,1937,2,מחוז הצפון,נפת יזרעאל,עמק בית שאן,ללא שיוך למטרופולין,310,מושב,עמק המעיינות,אשכול רשויות הכנרת והעמקים,214,0.3
בית ינאי,200,1933,4,מחוז המרכז,נפת השרון,מערב השרון,"מטרופולין תל אביב, טבעת חיצונית, גזרה צפונית",310,מושב,עמק חפר,ללא שיוך לאשכול,0,0.2
בית יצחק-שער חפר,326,1940,4,מחוז המרכז,נפת השרון,מערב השרון,"מטרופולין תל אביב, טבעת חיצונית, גזרה צפונית",191,"מושב 4,999-2,000 תושבים",עמק חפר,ללא שיוך לאשכול,0,1.7
בית לחם הגלילית,430,1948,2,מחוז הצפון,נפת יזרעאל,הרי נצרת-תירען,"מטרופולין חיפה, טבעת חיצונית, גזרה מזרחית",310,מושב,עמק יזרעאל,אשכול רשויות הגליל והעמקים,213,0.4
בית מאיר,751,1950,1,מחוז ירושלים,נפת ירושלים,הרי יהודה,"מטרופולין ירושלים, טבעת חיצונית, גזרה מערבית",310,מושב,מטה יהודה,ללא שיוך לאשכול,0,0.4
בית נחמיה,784,1950,4,מחוז המרכז,נפת רמלה,אזור מודיעין,"מטרופולין תל אביב, טבעת חיצונית, גזרה מזרחית",310,מושב,חבל מודיעין,ללא שיוך לאשכול,0,0.6
בית ניר,16,1955,6,מחוז הדרום,נפת אשקלון,אזור לכיש,ללא שיוך למטרופולין,330,קיבוץ,יואב,אשכול רשויות שורק דרומי,420,0.3
בית נקופה,672,1949,1,מחוז ירושלים,נפת ירושלים,הרי יהודה,"מטרופולין ירושלים, טבעת חיצונית, גזרה מערבית",310,מושב,מטה יהודה,ללא שיוך לאשכול,0,0.3
בית עובד,202,1933,4,מחוז המרכז,נפת רחובות,אזור ראשון לציון,"מטרופולין תל אביב, טבעת חיצונית, גזרה דרומית",310,מושב,גן רווה,ללא שיוך לאשכול,0,0.2
בית עוזיאל,301,1956,4,מחוז המרכז,נפת רמלה,אזור מודיעין,"מטרופולין תל אביב, טבעת חיצונית, גזרה דרומית",310,מושב,גזר,ללא שיוך לאשכול,0,0.4
בית עזרא,756,1950,6,מחוז הדרום,נפת אשקלון,אזור מלאכי,"מטרופולין תל אביב, טבעת חיצונית, גזרה דרומית",310,מושב,באר טוביה,אשכול רשויות שורק דרומי,420,0.5
בית עריף,604,1951,4,מחוז המרכז,נפת רמלה,אזור מודיעין,"מטרופולין תל אביב, טבעת חיצונית, גזרה מזרחית",310,מושב,חבל מודיעין,ללא שיוך לאשכול,0,0.5
בית קמה,598,1949,6,מחוז הדרום,נפת באר שבע,אזור גרר,"מטרופולין באר שבע, טבעת חיצונית, גזרה צפונית",330,קיבוץ,בני שמעון,אשכול רשויות נגב מערבי,620,0.4
בית קשת,365,1944,2,מחוז הצפון,נפת כנרת,גליל תחתון מזרחי,ללא שיוך למטרופולין,330,קיבוץ,הגליל התחתון,אשכול רשויות הכנרת והעמקים,214,0.3
בית רימון,1162,1977,2,מחוז הצפון,נפת יזרעאל,הרי נצרת-תירען,ללא שיוך למטרופולין,330,קיבוץ,הגליל התחתון,אשכול רשויות הכנרת והעמקים,214,0.2
בית שאן,9200,1948,2,מחוז הצפון,נפת יזרעאל,עמק בית שאן,ללא שיוך למטרופולין,170,"יישוב יהודי 19,999-10,000 תושבים",עירייה,אשכול רשויות הכנרת והעמקים,214,3.7
בית שמש,2610,1950,1,מחוז ירושלים,נפת ירושלים,שפלת יהודה,"מטרופולין ירושלים, טבעת חיצונית, גזרה מערבית",140,"יישוב יהודי 199,999-100,000 תושבים",עירייה,ללא שיוך לאשכול,0,9.3
בית שערים,248,1936,2,מחוז הצפון,נפת יזרעאל,אזור יקנעם,ללא שיוך למטרופולין,310,מושב,עמק יזרעאל,אשכול רשויות הגליל והעמקים,213,0.4
בית שקמה,747,1950,6,מחוז הדרום,נפת אשקלון,אזור אשקלון,ללא שיוך למטרופולין,310,מושב,חוף אשקלון,אשכול רשויות נגב מערבי,620,0.5
ביתן אהרן,252,1936,4,מחוז המרכז,נפת השרון,מערב השרון,"מטרופולין תל אביב, טבעת חיצונית, גזרה צפונית",310,מושב,עמק חפר,ללא שיוך לאשכול,0,0.2
ביתר עילית,3780,1985,7,אזור יהודה ושומרון,,,"מטרופולין ירושלים, טבעת חיצונית, גזרת יישובים ישראלים ביהודה ושומרון",150,"יישוב יהודי 99,999-50,000 תושבים",עירייה,ללא שיוך לאשכול,0,2.6
בלפוריה,94,1922,2,מחוז הצפון,נפת יזרעאל,עמק יזרעאל,ללא שיוך למטרופולין,310,מושב,עמק יזרעאל,אשכול רשויות הגליל והעמקים,213,0.4
בן זכאי,760,1950,4,מחוז המרכז,נפת רחובות,אזור רחובות,"מטרופולין תל אביב, טבעת חיצונית, גזרה דרומית",310,מושב,חבל יבנה,אשכול רשויות שורק דרומי,420,0.6
בן עמי,712,1949,2,מחוז הצפון,נפת עכו,אזור נהרייה,ללא שיוך למטרופולין,310,מושב,מטה אשר,אשכול רשויות גליל מערבי,212,0.4
בן שמן (מושב),2013,1952,4,מחוז המרכז,נפת רמלה,אזור מודיעין,"מטרופולין תל אביב, טבעת חיצונית, גזרה מזרחית",310,מושב,חבל מודיעין,ללא שיוך לאשכול,0,0.4
בני ברק,6100,1924,5,מחוז תל אביב,נפת תל אביב,אזור רמת גן,"מטרופולין תל אביב, טבעת פנימית, גזרה מזרחית",130,"יישוב יהודי 499,999-200,000 תושבים",עירייה,ללא שיוך לאשכול,0,6.2
בני דקלים,1368,2009,6,מחוז הדרום,נפת אשקלון,אזור לכיש,ללא שיוך למטרופולין,370,יישוב קהילתי,לכיש,ללא שיוך לאשכול,0,0.2
בני דרום,592,1949,4,מחוז המרכז,נפת רחובות,אזור רחובות,"מטרופולין תל אביב, טבעת חיצונית, גזרה דרומית",320,מושב שיתופי,חבל יבנה,אשכול רשויות שורק דרומי,420,0.3
בני דרור,386,1946,4,מחוז המרכז,נפת השרון,מערב השרון,"מטרופולין תל אביב, טבעת חיצונית, גזרה צפונית",320,מושב שיתופי,לב השרון,אשכול רשויות השרון,410,0.4
בני יהודה,4015,1972,2,מחוז הצפון,נפת גולן,גולן דרומי,ללא שיוך למטרופולין,370,יישוב קהילתי,גולן,אשכול רשויות גליל מזרחי,211,0.4
בני נצרים,1363,2010,6,מחוז הדרום,נפת באר שבע,אזור בשור,ללא שיוך למטרופולין,310,מושב,אשכול,אשכול רשויות נגב מערבי,620,0.2
בני עטרות,448,1948,4,מחוז המרכז,נפת פתח תקווה,אזור פתח תקווה,"מטרופולין תל אביב, טבעת חיצונית, גזרה מזרחית",310,מושב,חבל מודיעין,ללא שיוך לאשכול,0,0.5
"בני עי""ש",1066,1958,4,מחוז המרכז,נפת רחובות,אזור רחובות,"מטרופולין תל אביב, טבעת חיצונית, גזרה דרומית",180,"יישוב יהודי 9,999-5,000 תושבים",מועצה מקומית,אשכול רשויות שורק דרומי,420,0.6
בני ציון,418,1947,4,מחוז המרכז,נפת השרון,מערב השרון,"מטרופולין תל אביב, טבעת חיצונית, גזרה צפונית",310,מושב,חוף השרון,ללא שיוך לאשכול,0,0.8
בני ראם,588,1949,4,מחוז המרכז,נפת רחובות,אזור רחובות,"מטרופולין תל אביב, טבעת חיצונית, גזרה דרומית",310,מושב,נחל שורק,אשכול רשויות שורק דרומי,420,0.7
בניה,685,1949,4,מחוז המרכז,נפת רחובות,אזור רחובות,"מטרופולין תל אביב, טבעת חיצונית, גזרה דרומית",310,מושב,ברנר,אשכול רשויות שורק דרומי,420,0.5
בנימינה-גבעת עדה,9800,1903,3,מחוז חיפה,נפת חדרה,אזור חדרה,ללא שיוך למטרופולין,170,"יישוב יהודי 19,999-10,000 תושבים",מועצה מקומית,ללא שיוך לאשכול,0,4.6
"בסמ""ה",1326,,3,מחוז חיפה,נפת חדרה,הר אלכסנדר,ללא שיוך למטרופולין,270,"יישוב לא יהודי 19,999-10,000 תושבים",מועצה מקומית,ללא שיוך לאשכול,0,2.1
בסמת טבעון,944,,2,מחוז הצפון,נפת יזרעאל,הרי נצרת-תירען,"מטרופולין חיפה, טבעת חיצונית, גזרה מזרחית",280,"יישוב לא יהודי 9,999-5,000 תושבים",מועצה מקומית,אשכול רשויות המפרץ,310,1.9
בענה,483,,2,מחוז הצפון,נפת עכו,אזור כרמיאל,ללא שיוך למטרופולין,280,"יישוב לא יהודי 9,999-5,000 תושבים",מועצה מקומית,אשכול רשויות בית הכרם הגלילי,210,1.3
בצרה,389,1946,4,מחוז המרכז,נפת השרון,מערב השרון,"מטרופולין תל אביב, טבעת חיצונית, גזרה צפונית",310,מושב,חוף השרון,ללא שיוך לאשכול,0,0.6
בצת,589,1949,2,מחוז הצפון,נפת עכו,אזור נהרייה,ללא שיוך למטרופולין,310,מושב,מטה אשר,אשכול רשויות גליל מערבי,212,0.4
בקוע,864,1951,1,מחוז ירושלים,נפת ירושלים,שפלת יהודה,ללא שיוך למטרופולין,310,מושב,מטה יהודה,ללא שיוך לאשכול,0,0.4
בקעות,3612,1972,7,אזור יהודה ושומרון,,,ללא שיוך למטרופולין,310,מושב,ערבות הירדן,אשכול רשויות יהודה ושומרון,710,0.2
בר גיורא,823,1950,1,מחוז ירושלים,נפת ירושלים,הרי יהודה,"מטרופולין ירושלים, טבעת חיצונית, גזרה מערבית",310,מושב,מטה יהודה,ללא שיוך לאשכול,0,0.3
בר יוחאי,1191,1979,2,מחוז הצפון,נפת צפת,גליל עליון מזרחי,ללא שיוך למטרופולין,370,יישוב קהילתי,מרום הגליל,אשכול רשויות גליל מזרחי,211,0.2
ברוכין,3744,2012,7,אזור יהודה ושומרון,,,ללא שיוך למטרופולין,190,"יישוב יהודי 4,999-2,000 תושבים",שומרון,אשכול רשויות יהודה ושומרון,710,0.3
ברור חיל,428,1948,6,מחוז הדרום,נפת אשקלון,אזור אשקלון,ללא שיוך למטרופולין,330,קיבוץ,שער הנגב,אשכול רשויות נגב מערבי,620,0.4
ברוש,2060,1953,6,מחוז הדרום,נפת באר שבע,אזור גרר,"מטרופולין באר שבע, טבעת חיצונית, גזרה מערבית",310,מושב,בני שמעון,אשכול רשויות נגב מערבי,620,0.3
ברכה,3710,1983,7,אזור יהודה ושומרון,,,ללא שיוך למטרופולין,190,"יישוב יהודי 4,999-2,000 תושבים",שומרון,אשכול רשויות יהודה ושומרון,710,0.3
ברכיה,746,1950,6,מחוז הדרום,נפת אשקלון,אזור אשקלון,ללא שיוך למטרופולין,310,מושב,חוף אשקלון,אשכול רשויות נגב מערבי,620,0.6
ברעם,667,1949,2,מחוז הצפון,נפת עכו,אזור אילון,ללא שיוך למטרופולין,330,קיבוץ,הגליל העליון,אשכול רשויות גליל מזרחי,211,0.3
ברק,141,1956,2,מחוז הצפון,נפת יזרעאל,עמק יזרעאל,ללא שיוך למטרופולין,310,מושב,הגלבוע,אשכול רשויות הגליל והעמקים,213,0.3
ברקאי,617,1949,3,מחוז חיפה,נפת חדרה,אזור חדרה,ללא שיוך למטרופולין,330,קיבוץ,מנשה,ללא שיוך לאשכול,0,0.2
ברקן,3654,1981,7,אזור יהודה ושומרון,,,"מטרופולין תל אביב, טבעת חיצונית, גזרת יישובים ישראלים ביהודה ושומרון",190,"יישוב יהודי 4,999-2,000 תושבים",שומרון,אשכול רשויות יהודה ושומרון,710,0.5
ברקת,2038,1952,4,מחוז המרכז,נפת פתח תקווה,אזור פתח תקווה,"מטרופולין תל אביב, טבעת חיצונית, גזרה מזרחית",191,"מושב 4,999-2,000 תושבים",חבל מודיעין,ללא שיוך לאשכול,0,0.6
בת הדר,1323,1995,6,מחוז הדרום,נפת אשקלון,אזור אשקלון,ללא שיוך למטרופולין,350,יישוב כפרי אחר יהודי,חוף אשקלון,אשכול רשויות נגב מערבי,620,0.2
בת חן,1361,1967,4,מחוז המרכז,נפת השרון,מערב השרון,"מטרופולין תל אביב, טבעת חיצונית, גזרה צפונית",350,יישוב כפרי אחר יהודי,עמק חפר,ללא שיוך לאשכול,0,0.2
בת חפר,1319,1996,4,מחוז המרכז,נפת השרון,מזרח השרון,"מטרופולין תל אביב, טבעת חיצונית, גזרה צפונית",180,"יישוב יהודי 9,999-5,000 תושבים",עמק חפר,ללא שיוך לאשכול,0,0.8
בת ים,6200,1926,5,מחוז תל אביב,נפת תל אביב,אזור חולון,"מטרופולין תל אביב, טבעת פנימית, גזרה דרומית",140,"יישוב יהודי 199,999-100,000 תושבים",עירייה,ללא שיוך לאשכול,0,6.9
בת עין,3794,1989,7,אזור יהודה ושומרון,,,"מטרופולין ירושלים, טבעת חיצונית, גזרת יישובים ישראלים ביהודה ושומרון",370,יישוב קהילתי,גוש עציון,ללא שיוך לאשכול,0,0.4
בת שלמה,33,1889,3,מחוז חיפה,נפת חדרה,אזור זכרון יעקב,"מטרופולין חיפה, טבעת חיצונית, גזרה דרומית",310,מושב,חוף הכרמל,ללא שיוך לאשכול,0,0.4
ג'דיידה-מכר,1292,,2,מחוז הצפון,נפת עכו,אזור עכו,"מטרופולין חיפה, טבעת חיצונית, גזרה צפונית",260,"יישוב לא יהודי 49,999-20,000 תושבים",מועצה מקומית,ללא שיוך לאשכול,0,2.8
ג'ולס,485,,2,מחוז הצפון,נפת עכו,אזור יחיעם,ללא שיוך למטרופולין,280,"יישוב לא יהודי 9,999-5,000 תושבים",מועצה מקומית,ללא שיוך לאשכול,0,1.9
ג'לג'וליה,627,,4,מחוז המרכז,נפת פתח תקווה,דרום השרון,"מטרופולין תל אביב, טבעת חיצונית, גזרה מזרחית",270,"יישוב לא יהודי 19,999-10,000 תושבים",מועצה מקומית,אשכול רשויות השרון,410,1.1
ג'סר א-זרקא,541,,3,מחוז חיפה,נפת חדרה,אזור חדרה,ללא שיוך למטרופולין,270,"יישוב לא יהודי 19,999-10,000 תושבים",מועצה מקומית,ללא שיוך לאשכול,0,1
ג'ש (גוש חלב),487,,2,מחוז הצפון,נפת צפת,גליל עליון מזרחי,ללא שיוך למטרופולין,290,"יישוב לא יהודי 4,999-2,000 תושבים",מועצה מקומית,אשכול רשויות גליל מזרחי,211,0.7
ג'ת,628,,3,מחוז חיפה,נפת חדרה,אזור חדרה,ללא שיוך למטרופולין,270,"יישוב לא יהודי 19,999-10,000 תושבים",מועצה מקומית,ללא שיוך לאשכול,0,3.4
גאולי תימן,872,1947,4,מחוז המרכז,נפת השרון,מערב השרון,"מטרופולין תל אביב, טבעת חיצונית, גזרה צפונית",310,מושב,עמק חפר,ללא שיוך לאשכול,0,0.1
גאולים,379,1945,4,מחוז המרכז,נפת השרון,מערב השרון,"מטרופולין תל אביב, טבעת חיצונית, גזרה צפונית",310,מושב,לב השרון,אשכול רשויות השרון,410,0.5
גאליה,853,1948,4,מחוז המרכז,נפת רחובות,אזור ראשון לציון,"מטרופולין תל אביב, טבעת חיצונית, גזרה דרומית",310,מושב,גן רווה,ללא שיוך לאשכול,0,0.6
גבולות,352,1943,6,מחוז הדרום,נפת באר שבע,אזור בשור,ללא שיוך למטרופולין,330,קיבוץ,אשכול,אשכול רשויות נגב מערבי,620,0.2
גבים,424,1947,6,מחוז הדרום,נפת אשקלון,אזור אשקלון,ללא שיוך למטרופולין,330,קיבוץ,שער הנגב,אשכול רשויות נגב מערבי,620,0.5
גבע,86,1921,2,מחוז הצפון,נפת יזרעאל,עמק חרוד,ללא שיוך למטרופולין,330,קיבוץ,הגלבוע,אשכול רשויות הגליל והעמקים,213,0.3
גבע בנימין,3763,1984,7,אזור יהודה ושומרון,,,"מטרופולין ירושלים, טבעת חיצונית, גזרת יישובים ישראלים ביהודה ושומרון",180,"יישוב יהודי 9,999-5,000 תושבים",מטה בנימין,אשכול רשויות יהודה ושומרון,710,0.7
גבע כרמל,683,1949,3,מחוז חיפה,נפת חדרה,חוף הכרמל,"מטרופולין חיפה, טבעת חיצונית, גזרה דרומית",310,מושב,חוף הכרמל,ללא שיוך לאשכול,0,0.6
גבעולים,2014,1952,6,מחוז הדרום,נפת באר שבע,אזור גרר,ללא שיוך למטרופולין,310,מושב,שדות נגב,אשכול רשויות נגב מערבי,620,0.3
גבעון החדשה,3644,1980,7,אזור יהודה ושומרון,,,"מטרופולין ירושלים, טבעת חיצונית, גזרת יישובים ישראלים ביהודה ושומרון",370,יישוב קהילתי,מטה בנימין,אשכול רשויות יהודה ושומרון,710,0.2
גבעות בר,1344,2004,6,מחוז הדרום,נפת באר שבע,אזור באר שבע,"מטרופולין באר שבע, טבעת חיצונית, גזרה צפונית",370,יישוב קהילתי,בני שמעון,אשכול רשויות נגב מערבי,620,0.3
גבעת אבני,1293,1991,2,מחוז הצפון,נפת כנרת,גליל תחתון מזרחי,ללא שיוך למטרופולין,190,"יישוב יהודי 4,999-2,000 תושבים",הגליל התחתון,אשכול רשויות הכנרת והעמקים,214,0.5
גבעת אלה,1288,1988,2,מחוז הצפון,נפת יזרעאל,הרי נצרת-תירען,ללא שיוך למטרופולין,370,יישוב קהילתי,עמק יזרעאל,אשכול רשויות הגליל והעמקים,213,0.6
גבעת ברנר,147,1928,4,מחוז המרכז,נפת רחובות,אזור רחובות,"מטרופולין תל אביב, טבעת חיצונית, גזרה דרומית",193,"קיבוץ 4,999-2,000 תושבים",ברנר,אשכול רשויות שורק דרומי,420,0.9
גבעת השלושה,870,1925,4,מחוז המרכז,נפת פתח תקווה,אזור פתח תקווה,"מטרופולין תל אביב, טבעת חיצונית, גזרה מזרחית",330,קיבוץ,דרום השרון,אשכול רשויות השרון,410,0.3
גבעת זאב,3730,1983,7,אזור יהודה ושומרון,,,"מטרופולין ירושלים, טבעת חיצונית, גזרת יישובים ישראלים ביהודה ושומרון",160,"יישוב יהודי 49,999-20,000 תושבים",מועצה מקומית,אשכול רשויות יהודה ושומרון,710,1.8
"גבעת ח""ן",207,1933,4,מחוז המרכז,נפת פתח תקווה,דרום השרון,"מטרופולין תל אביב, טבעת תיכונה, גזרה צפונית",310,מושב,דרום השרון,אשכול רשויות השרון,410,0.3
גבעת חיים (איחוד),2018,1932,4,מחוז המרכז,נפת השרון,מערב השרון,"מטרופולין תל אביב, טבעת חיצונית, גזרה צפונית",330,קיבוץ,עמק חפר,ללא שיוך לאשכול,0,0.4
גבעת חיים (מאוחד),173,1932,4,מחוז המרכז,נפת השרון,מערב השרון,"מטרופולין תל אביב, טבעת חיצונית, גזרה צפונית",330,קיבוץ,עמק חפר,ללא שיוך לאשכול,0,0.5
גבעת יואב,4021,1968,2,מחוז הצפון,נפת גולן,גולן דרומי,ללא שיוך למטרופולין,310,מושב,גולן,אשכול רשויות גליל מזרחי,211,0.4
גבעת יערים,787,1950,1,מחוז ירושלים,נפת ירושלים,הרי יהודה,"מטרופולין ירושלים, טבעת חיצונית, גזרה מערבית",310,מושב,מטה יהודה,ללא שיוך לאשכול,0,0.5
גבעת ישעיהו,919,1958,1,מחוז ירושלים,נפת ירושלים,שפלת יהודה,"מטרופולין ירושלים, טבעת חיצונית, גזרה מערבית",310,מושב,מטה יהודה,ללא שיוך לאשכול,0,0.4
"גבעת כ""ח",802,1950,4,מחוז המרכז,נפת פתח תקווה,אזור פתח תקווה,"מטרופולין תל אביב, טבעת חיצונית, גזרה מזרחית",310,מושב,חבל מודיעין,ללא שיוך לאשכול,0,0.4
"גבעת ניל""י",360,1953,3,מחוז חיפה,נפת חדרה,הר אלכסנדר,ללא שיוך למטרופולין,310,מושב,אלונה,ללא שיוך לאשכול,0,0.5
גבעת עוז,703,1949,2,מחוז הצפון,נפת יזרעאל,עמק יזרעאל,ללא שיוך למטרופולין,330,קיבוץ,מגידו,אשכול רשויות הגליל והעמקים,213,0.2
גבעת שמואל,681,1942,4,מחוז המרכז,נפת פתח תקווה,אזור פתח תקווה,"מטרופולין תל אביב, טבעת תיכונה, גזרה מזרחית",160,"יישוב יהודי 49,999-20,000 תושבים",עירייה,ללא שיוך לאשכול,0,1.7
גבעת שפירא,1077,1958,4,מחוז המרכז,נפת השרון,מערב השרון,"מטרופולין תל אביב, טבעת חיצונית, גזרה צפונית",310,מושב,עמק חפר,ללא שיוך לאשכול,0,0.2
גבעתי,793,1950,6,מחוז הדרום,נפת אשקלון,אזור מלאכי,"מטרופולין תל אביב, טבעת חיצונית, גזרה דרומית",310,מושב,באר טוביה,אשכול רשויות שורק דרומי,420,0.5
גבעתיים,6300,1922,5,מחוז תל אביב,נפת תל אביב,אזור רמת גן,"מטרופולין תל אביב, טבעת פנימית, גזרה מזרחית",150,"יישוב יהודי 99,999-50,000 תושבים",עירייה,ללא שיוך לאשכול,0,3.1
גברעם,342,1942,6,מחוז הדרום,נפת אשקלון,אזור אשקלון,ללא שיוך למטרופולין,330,קיבוץ,חוף אשקלון,אשכול רשויות נגב מערבי,620,0.3
גבת,133,1926,2,מחוז הצפון,נפת יזרעאל,עמק יזרעאל,ללא שיוך למטרופולין,330,קיבוץ,עמק יזרעאל,אשכול רשויות הגליל והעמקים,213,0.4
גדות,35,1949,2,מחוז הצפון,נפת צפת,אזור חצור,ללא שיוך למטרופולין,330,קיבוץ,הגליל העליון,אשכול רשויות גליל מזרחי,211,0.3
גדיש,145,1956,2,מחוז הצפון,נפת יזרעאל,עמק יזרעאל,ללא שיוך למטרופולין,310,מושב,הגלבוע,אשכול רשויות הגליל והעמקים,213,0.3
גדעונה,442,1949,2,מחוז הצפון,נפת יזרעאל,עמק חרוד,ללא שיוך למטרופולין,350,יישוב כפרי אחר יהודי,הגלבוע,אשכול רשויות הגליל והעמקים,213,0.1
גדרה,2550,1884,4,מחוז המרכז,נפת רחובות,אזור רחובות,"מטרופולין תל אביב, טבעת חיצונית, גזרה דרומית",160,"יישוב יהודי 49,999-20,000 תושבים",מועצה מקומית,אשכול רשויות שורק דרומי,420,4.6
גונן,852,1951,2,מחוז הצפון,נפת צפת,עמק חולה,ללא שיוך למטרופולין,330,קיבוץ,הגליל העליון,אשכול רשויות גליל מזרחי,211,0.4
גורן,755,1950,2,מחוז הצפון,נפת עכו,אזור אילון,ללא שיוך למטרופולין,310,מושב,מעלה יוסף,אשכול רשויות גליל מערבי,212,0.5
גורנות הגליל,1219,1980,2,מחוז הצפון,נפת עכו,אזור אילון,ללא שיוך למטרופולין,350,יישוב כפרי אחר יהודי,מעלה יוסף,אשכול רשויות גליל מערבי,212,0.1
גזית,457,1948,2,מחוז הצפון,נפת יזרעאל,רמת כוכב,ללא שיוך למטרופולין,330,קיבוץ,עמק יזרעאל,אשכול רשויות הגליל והעמקים,213,0.4
גזר,370,1945,4,מחוז המרכז,נפת רמלה,אזור מודיעין,"מטרופולין תל אביב, טבעת חיצונית, גזרה דרומית",330,קיבוץ,גזר,ללא שיוך לאשכול,0,0.2
גיאה,706,1949,6,מחוז הדרום,נפת אשקלון,אזור אשקלון,ללא שיוך למטרופולין,310,מושב,חוף אשקלון,אשכול רשויות נגב מערבי,620,0.6
גיבתון,196,1933,4,מחוז המרכז,נפת רחובות,אזור רחובות,"מטרופולין תל אביב, טבעת חיצונית, גזרה דרומית",350,יישוב כפרי אחר יהודי,ברנר,אשכול רשויות שורק דרומי,420,0.3
גיזו,1043,1968,1,מחוז ירושלים,נפת ירושלים,שפלת יהודה,ללא שיוך למטרופולין,350,יישוב כפרי אחר יהודי,מטה יהודה,ללא שיוך לאשכול,0,0.1
גילון,1204,1980,2,מחוז הצפון,נפת עכו,אזור כרמיאל,"מטרופולין חיפה, טבעת חיצונית, גזרה צפונית",370,יישוב קהילתי,משגב,אשכול רשויות בית הכרם הגלילי,210,0.3
גילת,736,1949,6,מחוז הדרום,נפת באר שבע,אזור בשור,"מטרופולין באר שבע, טבעת חיצונית, גזרה מערבית",310,מושב,מרחבים,אשכול רשויות נגב מערבי,620,0.9
גינוסר,262,1937,2,מחוז הצפון,נפת כנרת,כנרות,ללא שיוך למטרופולין,330,קיבוץ,עמק הירדן,אשכול רשויות הכנרת והעמקים,214,0.4
גיניגר,92,1922,2,מחוז הצפון,נפת יזרעאל,עמק יזרעאל,ללא שיוך למטרופולין,330,קיבוץ,עמק יזרעאל,אשכול רשויות הגליל והעמקים,213,0.3
גינתון,863,1949,4,מחוז המרכז,נפת רמלה,אזור מודיעין,"מטרופולין תל אביב, טבעת חיצונית, גזרה מזרחית",310,מושב,חבל מודיעין,ללא שיוך לאשכול,0,0.5
גיתה,1206,1980,2,מחוז הצפון,נפת עכו,אזור יחיעם,ללא שיוך למטרופולין,370,יישוב קהילתי,מעלה יוסף,אשכול רשויות גליל מערבי,212,0.1
גיתית,3613,1973,7,אזור יהודה ושומרון,,,ללא שיוך למטרופולין,310,מושב,ערבות הירדן,אשכול רשויות יהודה ושומרון,710,0.2
גלאון,393,1946,6,מחוז הדרום,נפת אשקלון,אזור מלאכי,ללא שיוך למטרופולין,330,קיבוץ,יואב,אשכול רשויות שורק דרומי,420,0.2
גלגל,3606,1970,7,אזור יהודה ושומרון,,,ללא שיוך למטרופולין,330,קיבוץ,ערבות הירדן,אשכול רשויות יהודה ושומרון,710,0.2
גליל ים,346,1943,5,מחוז תל אביב,נפת תל אביב,אזור תל אביב,"מטרופולין תל אביב, טבעת פנימית, גזרה צפונית",330,קיבוץ,חוף השרון,ללא שיוך לאשכול,0,0.3
גלעד (אבן יצחק),369,1945,2,מחוז הצפון,נפת יזרעאל,רמת מנשה,ללא שיוך למטרופולין,330,קיבוץ,מגידו,אשכול רשויות הגליל והעמקים,213,0.2
גמזו,745,1950,4,מחוז המרכז,נפת רמלה,אזור רמלה,"מטרופולין תל אביב, טבעת חיצונית, גזרה מזרחית",310,מושב,חבל מודיעין,ללא שיוך לאשכול,0,0.4
גן הדרום,1072,1953,4,מחוז המרכז,נפת רחובות,אזור רחובות,"מטרופולין תל אביב, טבעת חיצונית, גזרה דרומית",310,מושב,גדרות,ללא שיוך לאשכול,0,0.4
גן השומרון,225,1934,3,מחוז חיפה,נפת חדרה,אזור חדרה,ללא שיוך למטרופולין,310,מושב,מנשה,ללא שיוך לאשכול,0,0.6
גן חיים,239,1935,4,מחוז המרכז,נפת פתח תקווה,דרום השרון,"מטרופולין תל אביב, טבעת חיצונית, גזרה צפונית",310,מושב,דרום השרון,אשכול רשויות השרון,410,0.4
גן יאשיה,734,1949,4,מחוז המרכז,נפת השרון,מזרח השרון,"מטרופולין תל אביב, טבעת חיצונית, גזרה צפונית",310,מושב,עמק חפר,ללא שיוך לאשכול,0,0.5
גן יבנה,166,1931,4,מחוז המרכז,נפת רחובות,אזור רחובות,"מטרופולין תל אביב, טבעת חיצונית, גזרה דרומית",160,"יישוב יהודי 49,999-20,000 תושבים",מועצה מקומית,ללא שיוך לאשכול,0,4.1
גן נר,1274,1987,2,מחוז הצפון,נפת יזרעאל,עמק חרוד,ללא שיוך למטרופולין,190,"יישוב יהודי 4,999-2,000 תושבים",הגלבוע,אשכול רשויות הגליל והעמקים,213,0.7
גן שורק,311,1950,4,מחוז המרכז,נפת רחובות,אזור ראשון לציון,"מטרופולין תל אביב, טבעת חיצונית, גזרה דרומית",310,מושב,גן רווה,ללא שיוך לאשכול,0,0.3
גן שלמה,144,1927,4,מחוז המרכז,נפת רחובות,אזור רחובות,"מטרופולין תל אביב, טבעת חיצונית, גזרה דרומית",330,קיבוץ,ברנר,אשכול רשויות שורק דרומי,420,0.2
גן שמואל,72,1913,3,מחוז חיפה,נפת חדרה,אזור חדרה,ללא שיוך למטרופולין,330,קיבוץ,מנשה,ללא שיוך לאשכול,0,0.6
גנות,836,1953,4,מחוז המרכז,נפת רמלה,אזור מודיעין,"מטרופולין תל אביב, טבעת תיכונה, גזרה דרומית",310,מושב,שדות דן,ללא שיוך לאשכול,0,0.4
גנות הדר,549,1964,4,מחוז המרכז,נפת השרון,מערב השרון,"מטרופולין תל אביב, טבעת חיצונית, גזרה צפונית",350,יישוב כפרי אחר יהודי,לב השרון,אשכול רשויות השרון,410,0.2
גני הדר,1103,1958,4,מחוז המרכז,נפת רמלה,אזור מודיעין,"מטרופולין תל אביב, טבעת חיצונית, גזרה דרומית",350,יישוב כפרי אחר יהודי,גזר,ללא שיוך לאשכול,0,0.2
גני טל,1371,2010,4,מחוז המרכז,נפת רחובות,אזור רחובות,"מטרופולין תל אביב, טבעת חיצונית, גזרה דרומית",370,יישוב קהילתי,נחל שורק,אשכול רשויות שורק דרומי,420,0.4
גני יוחנן,862,1950,4,מחוז המרכז,נפת רחובות,אזור רחובות,"מטרופולין תל אביב, טבעת חיצונית, גזרה דרומית",310,מושב,גזר,ללא שיוך לאשכול,0,0.4
גני מודיעין,3823,1996,7,אזור יהודה ושומרון,,,ללא שיוך למטרופולין,190,"יישוב יהודי 4,999-2,000 תושבים",מטה בנימין,אשכול רשויות יהודה ושומרון,710,0.4
גני עם,218,1934,4,מחוז המרכז,נפת פתח תקווה,דרום השרון,"מטרופולין תל אביב, טבעת חיצונית, גזרה מזרחית",350,יישוב כפרי אחר יהודי,דרום השרון,אשכול רשויות השרון,410,0.2
גני תקווה,229,1953,4,מחוז המרכז,נפת פתח תקווה,אזור פתח תקווה,"מטרופולין תל אביב, טבעת תיכונה, גזרה מזרחית",160,"יישוב יהודי 49,999-20,000 תושבים",מועצה מקומית,ללא שיוך לאשכול,0,1.6
געש,842,1951,4,מחוז המרכז,נפת השרון,מערב השרון,"מטרופולין תל אביב, טבעת חיצונית, גזרה צפונית",330,קיבוץ,חוף השרון,ללא שיוך לאשכול,0,0.4
געתון,463,1948,2,מחוז הצפון,נפת עכו,אזור יחיעם,ללא שיוך למטרופולין,330,קיבוץ,מטה אשר,אשכול רשויות גליל מערבי,212,0.3
גפן,39,1955,1,מחוז ירושלים,נפת ירושלים,שפלת יהודה,ללא שיוך למטרופולין,310,מושב,מטה יהודה,ללא שיוך לאשכול,0,0.3
גרופית,1129,1963,6,מחוז הדרום,נפת באר שבע,אזור הערבה,ללא שיוך למטרופולין,330,קיבוץ,חבל אילות,אשכול רשויות נגב מזרחי,610,0.1
גשור,4022,1971,2,מחוז הצפון,נפת גולן,גולן דרומי,ללא שיוך למטרופולין,330,קיבוץ,גולן,אשכול רשויות גליל מזרחי,211,0.2
גשר,305,1939,2,מחוז הצפון,נפת יזרעאל,עמק בית שאן,ללא שיוך למטרופולין,330,קיבוץ,עמק המעיינות,אשכול רשויות הכנרת והעמקים,214,0.2
גשר הזיו,574,1949,2,מחוז הצפון,נפת עכו,אזור נהרייה,"מטרופולין חיפה, טבעת חיצונית, גזרה צפונית",330,קיבוץ,מטה אשר,אשכול רשויות גליל מערבי,212,0.6
גת (קיבוץ),340,1941,6,מחוז הדרום,נפת אשקלון,אזור מלאכי,ללא שיוך למטרופולין,330,קיבוץ,יואב,אשכול רשויות שורק דרומי,420,0.4
גת רימון,128,1926,4,מחוז המרכז,נפת פתח תקווה,אזור פתח תקווה,"מטרופולין תל אביב, טבעת תיכונה, גזרה מזרחית",350,יישוב כפרי אחר יהודי,דרום השרון,אשכול רשויות השרון,410,0.2
דאלית אל-כרמל,494,,3,מחוז חיפה,נפת חיפה,אזור חיפה,"מטרופולין חיפה, טבעת פנימית, גזרה דרומית",270,"יישוב לא יהודי 19,999-10,000 תושבים",מועצה מקומית,אשכול רשויות המפרץ,310,6.9
דבורה,146,1956,2,מחוז הצפון,נפת יזרעאל,עמק יזרעאל,ללא שיוך למטרופולין,310,מושב,הגלבוע,אשכול רשויות הגליל והעמקים,213,0.3
דבורייה,489,,2,מחוז הצפון,נפת יזרעאל,הרי נצרת-תירען,ללא שיוך למטרופולין,270,"יישוב לא יהודי 19,999-10,000 תושבים",מועצה מקומית,אשכול רשויות הגליל והעמקים,213,1.7
דבירה,849,1951,6,מחוז הדרום,נפת באר שבע,אזור באר שבע,"מטרופולין באר שבע, טבעת חיצונית, גזרה צפונית",330,קיבוץ,בני שמעון,אשכול רשויות נגב מערבי,620,0.4
דברת,407,1946,2,מחוז הצפון,נפת יזרעאל,עמק יזרעאל,ללא שיוך למטרופולין,330,קיבוץ,עמק יזרעאל,אשכול רשויות הגליל והעמקים,213,0.2
דגניה א',62,1909,2,מחוז הצפון,נפת כנרת,כנרות,ללא שיוך למטרופולין,330,קיבוץ,עמק הירדן,אשכול רשויות הכנרת והעמקים,214,0.4
דגניה ב',79,1920,2,מחוז הצפון,נפת כנרת,כנרות,ללא שיוך למטרופולין,330,קיבוץ,עמק הירדן,אשכול רשויות הכנרת והעמקים,214,0.3
"דוב""ב",1067,1963,2,מחוז הצפון,נפת עכו,אזור אילון,ללא שיוך למטרופולין,310,מושב,מרום הגליל,אשכול רשויות גליל מזרחי,211,0.3
דולב,3747,1983,7,אזור יהודה ושומרון,,,ללא שיוך למטרופולין,370,יישוב קהילתי,מטה בנימין,אשכול רשויות יהודה ושומרון,710,0.3
דור,738,1949,3,מחוז חיפה,נפת חדרה,חוף הכרמל,"מטרופולין חיפה, טבעת חיצונית, גזרה דרומית",310,מושב,חוף הכרמל,ללא שיוך לאשכול,0,0.3
דורות,336,1941,6,מחוז הדרום,נפת אשקלון,אזור אשקלון,ללא שיוך למטרופולין,330,קיבוץ,שער הנגב,אשכול רשויות נגב מערבי,620,0.4
דחי,475,,2,מחוז הצפון,נפת יזרעאל,עמק יזרעאל,ללא שיוך למטרופולין,450,יישוב כפרי אחר לא יהודי,בוסתן אל-מרג',אשכול רשויות הגליל והעמקים,213,0.1
דייר אל-אסד,490,,2,מחוז הצפון,נפת עכו,אזור כרמיאל,ללא שיוך למטרופולין,270,"יישוב לא יהודי 19,999-10,000 תושבים",מועצה מקומית,אשכול רשויות בית הכרם הגלילי,210,1.8
דימונה,2200,1955,6,מחוז הדרום,נפת באר שבע,הר הנגב הצפוני,ללא שיוך למטרופולין,160,"יישוב יהודי 49,999-20,000 תושבים",עירייה,אשכול רשויות נגב מזרחי,610,7.1
דישון,2063,1953,2,מחוז הצפון,נפת צפת,גליל עליון מזרחי,ללא שיוך למטרופולין,310,מושב,מבואות החרמון,אשכול רשויות גליל מזרחי,211,0.4
דלייה,300,1939,2,מחוז הצפון,נפת יזרעאל,רמת מנשה,ללא שיוך למטרופולין,330,קיבוץ,מגידו,אשכול רשויות הגליל והעמקים,213,0.5
דלתון,431,1950,2,מחוז הצפון,נפת צפת,גליל עליון מזרחי,ללא שיוך למטרופולין,310,מושב,מרום הגליל,אשכול רשויות גליל מזרחי,211,0.5
דמיידה,1317,,2,מחוז הצפון,נפת עכו,אזור שפרעם,"מטרופולין חיפה, טבעת חיצונית, גזרה צפונית",450,יישוב כפרי אחר לא יהודי,משגב,אשכול רשויות בית הכרם הגלילי,210,0.3
דן,303,1939,2,מחוז הצפון,נפת צפת,עמק חולה,ללא שיוך למטרופולין,330,קיבוץ,הגליל העליון,אשכול רשויות גליל מזרחי,211,0.4
דפנה,302,1939,2,מחוז הצפון,נפת צפת,עמק חולה,ללא שיוך למטרופולין,330,קיבוץ,הגליל העליון,אשכול רשויות גליל מזרחי,211,0.5
דקל,1241,1982,6,מחוז הדרום,נפת באר שבע,אזור בשור,ללא שיוך למטרופולין,310,מושב,אשכול,אשכול רשויות נגב מערבי,620,0.4
דריג'את,1349,2004,6,מחוז הדרום,נפת באר שבע,אזור באר שבע,ללא שיוך למטרופולין,450,יישוב כפרי אחר לא יהודי,אל קסום,אשכול רשויות נגב מזרחי,610,0.3
האון,702,1949,2,מחוז הצפון,נפת כנרת,כנרות,ללא שיוך למטרופולין,330,קיבוץ,עמק הירדן,אשכול רשויות הכנרת והעמקים,214,0.2
הבונים,675,1949,3,מחוז חיפה,נפת חדרה,חוף הכרמל,"מטרופולין חיפה, טבעת חיצונית, גזרה דרומית",320,מושב שיתופי,חוף הכרמל,ללא שיוך לאשכול,0,0.2
הגושרים,356,1948,2,מחוז הצפון,נפת צפת,עמק חולה,ללא שיוך למטרופולין,330,קיבוץ,הגליל העליון,אשכול רשויות גליל מזרחי,211,0.4
הדר עם,191,1933,4,מחוז המרכז,נפת השרון,מערב השרון,"מטרופולין תל אביב, טבעת חיצונית, גזרה צפונית",310,מושב,עמק חפר,ללא שיוך לאשכול,0,0.4
הוד השרון,9700,1924,4,מחוז המרכז,נפת פתח תקווה,דרום השרון,"מטרופולין תל אביב, טבעת תיכונה, גזרה צפונית",150,"יישוב יהודי 99,999-50,000 תושבים",עירייה,אשכול רשויות השרון,410,8.7
הודייה,726,1949,6,מחוז הדרום,נפת אשקלון,אזור אשקלון,ללא שיוך למטרופולין,310,מושב,חוף אשקלון,אשכול רשויות נגב מערבי,620,0.5
הושעיה,1186,1981,2,מחוז הצפון,נפת יזרעאל,הרי נצרת-תירען,ללא שיוך למטרופולין,190,"יישוב יהודי 4,999-2,000 תושבים",עמק יזרעאל,אשכול רשויות הגליל והעמקים,213,0.6
הזורע,250,1936,2,מחוז הצפון,נפת יזרעאל,אזור יקנעם,ללא שיוך למטרופולין,330,קיבוץ,מגידו,אשכול רשויות הגליל והעמקים,213,0.5
הזורעים,307,1939,2,מחוז הצפון,נפת כנרת,גליל תחתון מזרחי,ללא שיוך למטרופולין,310,מושב,הגליל התחתון,אשכול רשויות הכנרת והעמקים,214,0.5
החותרים,434,1948,3,מחוז חיפה,נפת חדרה,חוף הכרמל,"מטרופולין חיפה, טבעת פנימית, גזרה דרומית",330,קיבוץ,חוף הכרמל,ללא שיוך לאשכול,0,0.2
היוגב,684,1949,2,מחוז הצפון,נפת יזרעאל,עמק יזרעאל,ללא שיוך למטרופולין,310,מושב,עמק יזרעאל,אשכול רשויות הגליל והעמקים,213,0.6
הילה,1208,1980,2,מחוז הצפון,נפת עכו,אזור יחיעם,ללא שיוך למטרופולין,370,יישוב קהילתי,מעלה יוסף,אשכול רשויות גליל מערבי,212,0.3
המעפיל,377,1945,4,מחוז המרכז,נפת השרון,מזרח השרון,"מטרופולין תל אביב, טבעת חיצונית, גזרה צפונית",330,קיבוץ,עמק חפר,ללא שיוך לאשכול,0,0.3
הסוללים,677,1949,2,מחוז הצפון,נפת יזרעאל,הרי נצרת-תירען,"מטרופולין חיפה, טבעת חיצונית, גזרה מזרחית",330,קיבוץ,עמק יזרעאל,אשכול רשויות הגליל והעמקים,213,0.4
העוגן,423,1947,4,מחוז המרכז,נפת השרון,מערב השרון,"מטרופולין תל אביב, טבעת חיצונית, גזרה צפונית",330,קיבוץ,עמק חפר,ללא שיוך לאשכול,0,0.3
הר אדר,3769,1986,7,אזור יהודה ושומרון,,,"מטרופולין ירושלים, טבעת חיצונית, גזרת יישובים ישראלים ביהודה ושומרון",190,"יישוב יהודי 4,999-2,000 תושבים",מועצה מקומית,אשכול רשויות יהודה ושומרון,710,0.8
הר גילה,3603,1972,7,אזור יהודה ושומרון,,,"מטרופולין ירושלים, טבעת חיצונית, גזרת יישובים ישראלים ביהודה ושומרון",370,יישוב קהילתי,גוש עציון,ללא שיוך לאשכול,0,0.3
הר עמשא,1261,1983,6,מחוז הדרום,נפת באר שבע,אזור באר שבע,ללא שיוך למטרופולין,330,קיבוץ,תמר,ללא שיוך לאשכול,0,0.1
הראל,464,1948,1,מחוז ירושלים,נפת ירושלים,שפלת יהודה,"מטרופולין ירושלים, טבעת חיצונית, גזרה מערבית",330,קיבוץ,מטה יהודה,ללא שיוך לאשכול,0,0.1
הרדוף,1249,1982,2,מחוז הצפון,נפת יזרעאל,הרי נצרת-תירען,"מטרופולין חיפה, טבעת חיצונית, גזרה מזרחית",330,קיבוץ,עמק יזרעאל,אשכול רשויות הגליל והעמקים,213,0.2
הרצלייה,6400,1924,5,מחוז תל אביב,נפת תל אביב,אזור תל אביב,"מטרופולין תל אביב, טבעת פנימית, גזרה צפונית",140,"יישוב יהודי 199,999-100,000 תושבים",עירייה,ללא שיוך לאשכול,0,13.6
הררית,1203,1980,2,מחוז הצפון,נפת עכו,אזור שפרעם,ללא שיוך למטרופולין,370,יישוב קהילתי,משגב,אשכול רשויות בית הכרם הגלילי,210,0.2
ורד יריחו,3639,1980,7,אזור יהודה ושומרון,,,ללא שיוך למטרופולין,310,מושב,מגילות ים המלח,אשכול רשויות יהודה ושומרון,710,0.2
ורדון,1133,1968,6,מחוז הדרום,נפת אשקלון,אזור מלאכי,ללא שיוך למטרופולין,350,יישוב כפרי אחר יהודי,יואב,אשכול רשויות שורק דרומי,420,0.1
זבדיאל,815,1950,6,מחוז הדרום,נפת אשקלון,אזור מלאכי,ללא שיוך למטרופולין,310,מושב,שפיר,ללא שיוך לאשכול,0,0.4
זוהר,44,1956,6,מחוז הדרום,נפת אשקלון,אזור לכיש,ללא שיוך למטרופולין,310,מושב,לכיש,ללא שיוך לאשכול,0,0.3
זיקים,584,1949,6,מחוז הדרום,נפת אשקלון,אזור אשקלון,ללא שיוך למטרופולין,330,קיבוץ,חוף אשקלון,אשכול רשויות נגב מערבי,620,0.4
זיתן,788,1950,4,מחוז המרכז,נפת רמלה,אזור מודיעין,"מטרופולין תל אביב, טבעת תיכונה, גזרה דרומית",310,מושב,שדות דן,ללא שיוך לאשכול,0,0.6
זכרון יעקב,9300,1882,3,מחוז חיפה,נפת חדרה,אזור זכרון יעקב,ללא שיוך למטרופולין,160,"יישוב יהודי 49,999-20,000 תושבים",מועצה מקומית,ללא שיוך לאשכול,0,4.9
זכריה,799,1950,1,מחוז ירושלים,נפת ירושלים,שפלת יהודה,ללא שיוך למטרופולין,310,מושב,מטה יהודה,ללא שיוך לאשכול,0,0.5
זמר,1290,,4,מחוז המרכז,נפת השרון,מזרח השרון,"מטרופולין תל אביב, טבעת חיצונית, גזרה צפונית",280,"יישוב לא יהודי 9,999-5,000 תושבים",מועצה מקומית,ללא שיוך לאשכול,0,2.1
זמרת,1065,1957,6,מחוז הדרום,נפת באר שבע,אזור גרר,ללא שיוך למטרופולין,310,מושב,שדות נגב,אשכול רשויות נגב מערבי,620,0.3
זנוח,816,1950,1,מחוז ירושלים,נפת ירושלים,שפלת יהודה,"מטרופולין ירושלים, טבעת חיצונית, גזרה מערבית",310,מושב,מטה יהודה,ללא שיוך לאשכול,0,0.3
זרועה,2064,1953,6,מחוז הדרום,נפת באר שבע,אזור גרר,ללא שיוך למטרופולין,310,מושב,שדות נגב,אשכול רשויות נגב מערבי,620,0.3
זרזיר,975,,2,מחוז הצפון,נפת יזרעאל,הרי נצרת-תירען,"מטרופולין חיפה, טבעת חיצונית, גזרה מזרחית",280,"יישוב לא יהודי 9,999-5,000 תושבים",מועצה מקומית,אשכול רשויות הגליל והעמקים,213,2.6
זרחיה,818,1950,6,מחוז הדרום,נפת אשקלון,אזור מלאכי,ללא שיוך למטרופולין,310,מושב,שפיר,ללא שיוך לאשכול,0,0.5
ח'ואלד,1321,,3,מחוז חיפה,נפת חיפה,אזור חיפה,"מטרופולין חיפה, טבעת פנימית, גזרה מזרחית",450,יישוב כפרי אחר לא יהודי,זבולון,אשכול רשויות המפרץ,310,0.3
חבצלת השרון,235,1935,4,מחוז המרכז,נפת השרון,מערב השרון,"מטרופולין תל אביב, טבעת חיצונית, גזרה צפונית",310,מושב,עמק חפר,ללא שיוך לאשכול,0,0.2
חבר,1110,1958,2,מחוז הצפון,נפת יזרעאל,עמק יזרעאל,ללא שיוך למטרופולין,350,יישוב כפרי אחר יהודי,הגלבוע,אשכול רשויות הגליל והעמקים,213,0.2
חגור,717,1949,4,מחוז המרכז,נפת פתח תקווה,דרום השרון,"מטרופולין תל אביב, טבעת חיצונית, גזרה מזרחית",310,מושב,דרום השרון,אשכול רשויות השרון,410,0.6
חגי,3764,1984,7,אזור יהודה ושומרון,,,ללא שיוך למטרופולין,370,יישוב קהילתי,הר חברון,אשכול רשויות יהודה ושומרון,710,0.2
חגלה,205,1933,4,מחוז המרכז,נפת השרון,מערב השרון,"מטרופולין תל אביב, טבעת חיצונית, גזרה צפונית",310,מושב,עמק חפר,ללא שיוך לאשכול,0,0.3
חד-נס,4026,1989,2,מחוז הצפון,נפת גולן,גולן תיכון,ללא שיוך למטרופולין,370,יישוב קהילתי,גולן,אשכול רשויות גליל מזרחי,211,0.5
חדיד,618,1950,4,מחוז המרכז,נפת רמלה,אזור מודיעין,"מטרופולין תל אביב, טבעת חיצונית, גזרה מזרחית",310,מושב,חבל מודיעין,ללא שיוך לאשכול,0,0.4
חדרה,6500,1890,3,מחוז חיפה,נפת חדרה,אזור חדרה,ללא שיוך למטרופולין,140,"יישוב יהודי 199,999-100,000 תושבים",עירייה,ללא שיוך לאשכול,0,14.2
חולדה,160,1930,4,מחוז המרכז,נפת רמלה,אזור מודיעין,"מטרופולין תל אביב, טבעת חיצונית, גזרה דרומית",330,קיבוץ,גזר,ללא שיוך לאשכול,0,0.4
חולון,6600,1940,5,מחוז תל אביב,נפת תל אביב,אזור חולון,"מטרופולין תל אביב, טבעת פנימית, גזרה דרומית",140,"יישוב יהודי 199,999-100,000 תושבים",עירייה,ללא שיוך לאשכול,0,13.6
חולית,1239,1980,6,מחוז הדרום,נפת באר שבע,אזור בשור,ללא שיוך למטרופולין,330,קיבוץ,אשכול,אשכול רשויות נגב מערבי,620,0.1
חולתה,253,1937,2,מחוז הצפון,נפת צפת,עמק חולה,ללא שיוך למטרופולין,330,קיבוץ,הגליל העליון,אשכול רשויות גליל מזרחי,211,0.3
חוסן,662,1949,2,מחוז הצפון,נפת עכו,אזור יחיעם,ללא שיוך למטרופולין,310,מושב,מעלה יוסף,אשכול רשויות גליל מערבי,212,0.6
חוסנייה,1332,,2,מחוז הצפון,נפת עכו,אזור כרמיאל,ללא שיוך למטרופולין,450,יישוב כפרי אחר לא יהודי,משגב,אשכול רשויות בית הכרם הגלילי,210,0.2
חופית,115,1955,4,מחוז המרכז,נפת השרון,מערב השרון,"מטרופולין תל אביב, טבעת חיצונית, גזרה צפונית",350,יישוב כפרי אחר יהודי,עמק חפר,ללא שיוך לאשכול,0,0.3
חוקוק,374,1945,2,מחוז הצפון,נפת כנרת,כנרות,ללא שיוך למטרופולין,330,קיבוץ,עמק הירדן,אשכול רשויות הכנרת והעמקים,214,0.3
חורה,1303,,6,מחוז הדרום,נפת באר שבע,אזור באר שבע,"מטרופולין באר שבע, טבעת חיצונית, גזרה מזרחית",260,"יישוב לא יהודי 49,999-20,000 תושבים",מועצה מקומית,אשכול רשויות נגב מזרחי,610,4.8
חורפיש,496,,2,מחוז הצפון,נפת עכו,אזור אילון,ללא שיוך למטרופולין,280,"יישוב לא יהודי 9,999-5,000 תושבים",מועצה מקומית,אשכול רשויות גליל מערבי,212,1.8
חורשים,355,1955,4,מחוז המרכז,נפת פתח תקווה,דרום השרון,"מטרופולין תל אביב, טבעת חיצונית, גזרה מזרחית",330,קיבוץ,דרום השרון,אשכול רשויות השרון,410,0.2
חזון,1047,1969,2,מחוז הצפון,נפת צפת,גליל תחתון מרכזי,ללא שיוך למטרופולין,310,מושב,מרום הגליל,אשכול רשויות גליל מזרחי,211,0.3
חיבת ציון,219,1933,4,מחוז המרכז,נפת השרון,מערב השרון,"מטרופולין תל אביב, טבעת חיצונית, גזרה צפונית",310,מושב,עמק חפר,ללא שיוך לאשכול,0,0.4
חיננית,3643,1981,7,אזור יהודה ושומרון,,,ללא שיוך למטרופולין,370,יישוב קהילתי,שומרון,אשכול רשויות יהודה ושומרון,710,0.4
חיפה,4000,ותיק,3,מחוז חיפה,נפת חיפה,אזור חיפה,"מטרופולין חיפה, גלעין",130,"יישוב יהודי 499,999-200,000 תושבים",עירייה,ללא שיוך לאשכול,0,36
חירות,162,1930,4,מחוז המרכז,נפת השרון,מערב השרון,"מטרופולין תל אביב, טבעת חיצונית, גזרה צפונית",310,מושב,לב השרון,אשכול רשויות השרון,410,0.6
חלוץ,1272,1985,2,מחוז הצפון,נפת עכו,אזור יחיעם,ללא שיוך למטרופולין,370,יישוב קהילתי,משגב,אשכול רשויות בית הכרם הגלילי,210,0.2
חלץ,820,1950,6,מחוז הדרום,נפת אשקלון,אזור אשקלון,ללא שיוך למטרופולין,310,מושב,חוף אשקלון,אשכול רשויות נגב מערבי,620,0.3
חמד,801,1950,4,מחוז המרכז,נפת רמלה,אזור מודיעין,"מטרופולין תל אביב, טבעת תיכונה, גזרה דרומית",310,מושב,שדות דן,ללא שיוך לאשכול,0,0.6
חמאם,993,,2,מחוז הצפון,נפת כנרת,כנרות,ללא שיוך למטרופולין,450,יישוב כפרי אחר לא יהודי,אל-בטוף,אשכול רשויות הכנרת והעמקים,214,0.3
חמדיה,343,1942,2,מחוז הצפון,נפת יזרעאל,עמק בית שאן,ללא שיוך למטרופולין,330,קיבוץ,עמק המעיינות,אשכול רשויות הכנרת והעמקים,214,0.3
חמדת,3646,1980,7,אזור יהודה ושומרון,,,ללא שיוך למטרופולין,370,יישוב קהילתי,ערבות הירדן,אשכול רשויות יהודה ושומרון,710,0.1
חמרה,3609,1971,7,אזור יהודה ושומרון,,,ללא שיוך למטרופולין,310,מושב,ערבות הירדן,אשכול רשויות יהודה ושומרון,710,0.2
חניאל,807,1950,4,מחוז המרכז,נפת השרון,מערב השרון,"מטרופולין תל אביב, טבעת חיצונית, גזרה צפונית",310,מושב,עמק חפר,ללא שיוך לאשכול,0,0.5
חניתה,280,1938,2,מחוז הצפון,נפת עכו,אזור אילון,ללא שיוך למטרופולין,330,קיבוץ,מטה אשר,אשכול רשויות גליל מערבי,212,0.3
חנתון,1257,1984,2,מחוז הצפון,נפת יזרעאל,הרי נצרת-תירען,"מטרופולין חיפה, טבעת חיצונית, גזרה צפונית",330,קיבוץ,עמק יזרעאל,אשכול רשויות הגליל והעמקים,213,0.3
חספין,4005,1973,2,מחוז הצפון,נפת גולן,גולן דרומי,ללא שיוך למטרופולין,190,"יישוב יהודי 4,999-2,000 תושבים",גולן,אשכול רשויות גליל מזרחי,211,0.4
חפץ חיים,363,1944,4,מחוז המרכז,נפת רחובות,אזור רחובות,"מטרופולין תל אביב, טבעת חיצונית, גזרה דרומית",330,קיבוץ,נחל שורק,אשכול רשויות שורק דרומי,420,0.3
חפצי-בה,90,1922,2,מחוז הצפון,נפת יזרעאל,עמק חרוד,ללא שיוך למטרופולין,330,קיבוץ,הגלבוע,אשכול רשויות הגליל והעמקים,213,0.3
חצב,700,1949,6,מחוז הדרום,נפת אשקלון,אזור מלאכי,"מטרופולין תל אביב, טבעת חיצונית, גזרה דרומית",310,מושב,באר טוביה,אשכול רשויות שורק דרומי,420,0.6
חצבה,13,1965,6,מחוז הדרום,נפת באר שבע,אזור הערבה,ללא שיוך למטרופולין,310,מושב,הערבה התיכונה,אשכול רשויות נגב מזרחי,610,0.6
חצור-אשדוד,406,1937,6,מחוז הדרום,נפת אשקלון,אזור מלאכי,"מטרופולין תל אביב, טבעת חיצונית, גזרה דרומית",330,קיבוץ,באר טוביה,אשכול רשויות שורק דרומי,420,0.4
חצור הגלילית,2034,1953,2,מחוז הצפון,נפת צפת,אזור חצור,ללא שיוך למטרופולין,180,"יישוב יהודי 9,999-5,000 תושבים",מועצה מקומית,אשכול רשויות גליל מזרחי,211,2.1
חצרים,397,1946,6,מחוז הדרום,נפת באר שבע,אזור באר שבע,"מטרופולין באר שבע, טבעת חיצונית, גזרה מערבית",330,קיבוץ,בני שמעון,אשכול רשויות נגב מערבי,620,0.4
חרב לאת,422,1947,4,מחוז המרכז,נפת השרון,מערב השרון,"מטרופולין תל אביב, טבעת חיצונית, גזרה צפונית",310,מושב,עמק חפר,ללא שיוך לאשכול,0,0.4
חרוצים,1024,1951,4,מחוז המרכז,נפת השרון,מערב השרון,"מטרופולין תל אביב, טבעת חיצונית, גזרה צפונית",350,יישוב כפרי אחר יהודי,חוף השרון,ללא שיוך לאשכול,0,0.2
חריש,1247,1982,3,מחוז חיפה,נפת חדרה,הר אלכסנדר,ללא שיוך למטרופולין,160,"יישוב יהודי 49,999-20,000 תושבים",מועצה מקומית,ללא שיוך לאשכול,0,2.2
חרמש,3717,1982,7,אזור יהודה ושומרון,,,ללא שיוך למטרופולין,370,יישוב קהילתי,שומרון,אשכול רשויות יהודה ושומרון,710,0.1
חרשים,1209,1980,2,מחוז הצפון,נפת עכו,אזור יחיעם,ללא שיוך למטרופולין,370,יישוב קהילתי,משגב,אשכול רשויות בית הכרם הגלילי,210,0.1
חשמונאים,3770,1985,7,אזור יהודה ושומרון,,,ללא שיוך למטרופולין,190,"יישוב יהודי 4,999-2,000 תושבים",מטה בנימין,אשכול רשויות יהודה ושומרון,710,0.5
טבריה,6700,ותיק,2,מחוז הצפון,נפת כנרת,כנרות,ללא שיוך למטרופולין,160,"יישוב יהודי 49,999-20,000 תושבים",עירייה,אשכול רשויות הכנרת והעמקים,214,6.8
טובא-זנגרייה,962,,2,מחוז הצפון,נפת צפת,אזור חצור,ללא שיוך למטרופולין,280,"יישוב לא יהודי 9,999-5,000 תושבים",מועצה מקומית,אשכול רשויות גליל מזרחי,211,1.5
טורעאן,498,,2,מחוז הצפון,נפת יזרעאל,הרי נצרת-תירען,ללא שיוך למטרופולין,270,"יישוב לא יהודי 19,999-10,000 תושבים",מועצה מקומית,אשכול רשויות הכנרת והעמקים,214,2
טייבה,2730,,4,מחוז המרכז,נפת השרון,מזרח השרון,"מטרופולין תל אביב, טבעת חיצונית, גזרה צפונית",260,"יישוב לא יהודי 49,999-20,000 תושבים",עירייה,אשכול רשויות השרון,410,8
טייבה (בעמק),497,,2,מחוז הצפון,נפת יזרעאל,רמת כוכב,ללא שיוך למטרופולין,450,יישוב כפרי אחר לא יהודי,הגלבוע,אשכול רשויות הגליל והעמקים,213,0.4
טירה,2720,,4,מחוז המרכז,נפת השרון,מזרח השרון,"מטרופולין תל אביב, טבעת חיצונית, גזרה צפונית",260,"יישוב לא יהודי 49,999-20,000 תושבים",עירייה,אשכול רשויות השרון,410,7.4
טירת יהודה,663,1949,4,מחוז המרכז,נפת פתח תקווה,אזור פתח תקווה,"מטרופולין תל אביב, טבעת חיצונית, גזרה מזרחית",310,מושב,חבל מודיעין,ללא שיוך לאשכול,0,0.6
טירת כרמל,2100,1949,3,מחוז חיפה,נפת חיפה,אזור חיפה,"מטרופולין חיפה, טבעת פנימית, גזרה דרומית",160,"יישוב יהודי 49,999-20,000 תושבים",עירייה,אשכול רשויות המפרץ,310,2.9
טירת צבי,268,1937,2,מחוז הצפון,נפת יזרעאל,עמק בית שאן,ללא שיוך למטרופולין,330,קיבוץ,עמק המעיינות,אשכול רשויות הכנרת והעמקים,214,0.3
טל-אל,1181,1980,2,מחוז הצפון,נפת עכו,אזור יחיעם,"מטרופולין חיפה, טבעת חיצונית, גזרה צפונית",370,יישוב קהילתי,משגב,אשכול רשויות בית הכרם הגלילי,210,0.4
טל שחר,462,1948,1,מחוז ירושלים,נפת ירושלים,שפלת יהודה,ללא שיוך למטרופולין,310,מושב,מטה יהודה,ללא שיוך לאשכול,0,0.7
טללים,1177,1980,6,מחוז הדרום,נפת באר שבע,הר הנגב הצפוני,ללא שיוך למטרופולין,330,קיבוץ,רמת נגב,אשכול רשויות נגב מזרחי,610,0.1
טלמון,3788,1989,7,אזור יהודה ושומרון,,,ללא שיוך למטרופולין,190,"יישוב יהודי 4,999-2,000 תושבים",מטה בנימין,אשכול רשויות יהודה ושומרון,710,0.9
טמרה,8900,,2,מחוז הצפון,נפת עכו,אזור שפרעם,"מטרופולין חיפה, טבעת חיצונית, גזרה צפונית",260,"יישוב לא יהודי 49,999-20,000 תושבים",עירייה,אשכול רשויות המפרץ,310,6.3
טמרה (יזרעאל),547,,2,מחוז הצפון,נפת יזרעאל,רמת כוכב,ללא שיוך למטרופולין,450,יישוב כפרי אחר לא יהודי,הגלבוע,אשכול רשויות הגליל והעמקים,213,0.3
טנא,3743,1983,7,אזור יהודה ושומרון,,,ללא שיוך למטרופולין,370,יישוב קהילתי,הר חברון,אשכול רשויות יהודה ושומרון,710,0.2
טפחות,1214,1980,2,מחוז הצפון,נפת צפת,גליל תחתון מרכזי,ללא שיוך למטרופולין,310,מושב,מרום הגליל,אשכול רשויות גליל מזרחי,211,0.2
יאנוח-ג'ת,1295,,2,מחוז הצפון,נפת עכו,אזור יחיעם,ללא שיוך למטרופולין,280,"יישוב לא יהודי 9,999-5,000 תושבים",מועצה מקומית,ללא שיוך לאשכול,0,2
יבול,1232,1981,6,מחוז הדרום,נפת באר שבע,אזור בשור,ללא שיוך למטרופולין,310,מושב,אשכול,אשכול רשויות נגב מערבי,620,0.3
יבנאל,46,1901,2,מחוז הצפון,נפת כנרת,גליל תחתון מזרחי,ללא שיוך למטרופולין,190,"יישוב יהודי 4,999-2,000 תושבים",מועצה מקומית,אשכול רשויות הכנרת והעמקים,214,2.2
יבנה,2660,1949,4,מחוז המרכז,נפת רחובות,אזור רחובות,"מטרופולין תל אביב, טבעת חיצונית, גזרה דרומית",150,"יישוב יהודי 99,999-50,000 תושבים",עירייה,ללא שיוך לאשכול,0,6.2
יגור,96,1922,3,מחוז חיפה,נפת חיפה,אזור חיפה,"מטרופולין חיפה, טבעת פנימית, גזרה דרומית",330,קיבוץ,זבולון,אשכול רשויות המפרץ,310,0.6
יגל,798,1950,4,מחוז המרכז,נפת רמלה,אזור מודיעין,"מטרופולין תל אביב, טבעת תיכונה, גזרה דרומית",310,מושב,שדות דן,ללא שיוך לאשכול,0,0.5
יד בנימין,577,1949,4,מחוז המרכז,נפת רחובות,אזור רחובות,"מטרופולין תל אביב, טבעת חיצונית, גזרה דרומית",190,"יישוב יהודי 4,999-2,000 תושבים",נחל שורק,אשכול רשויות שורק דרומי,420,0.8
יד השמונה,1134,1978,1,מחוז ירושלים,נפת ירושלים,הרי יהודה,"מטרופולין ירושלים, טבעת חיצונית, גזרה מערבית",320,מושב שיתופי,מטה יהודה,ללא שיוך לאשכול,0,0.1
יד חנה,758,1950,4,מחוז המרכז,נפת השרון,מזרח השרון,"מטרופולין תל אביב, טבעת חיצונית, גזרה צפונית",330,קיבוץ,עמק חפר,ללא שיוך לאשכול,0,0.3
יד מרדכי,358,1943,6,מחוז הדרום,נפת אשקלון,אזור אשקלון,ללא שיוך למטרופולין,330,קיבוץ,חוף אשקלון,אשכול רשויות נגב מערבי,620,0.4
יד נתן,775,1953,6,מחוז הדרום,נפת אשקלון,אזור לכיש,ללא שיוך למטרופולין,310,מושב,לכיש,ללא שיוך לאשכול,0,0.3
"יד רמב""ם",64,1955,4,מחוז המרכז,נפת רמלה,אזור מודיעין,"מטרופולין תל אביב, טבעת חיצונית, גזרה דרומית",310,מושב,גזר,ללא שיוך לאשכול,0,0.6
יהוד-מונוסון,9400,1948,4,מחוז המרכז,נפת פתח תקווה,אזור פתח תקווה,"מטרופולין תל אביב, טבעת תיכונה, גזרה מזרחית",160,"יישוב יהודי 49,999-20,000 תושבים",עירייה,ללא שיוך לאשכול,0,3.9
יהל,1158,1976,6,מחוז הדרום,נפת באר שבע,אזור הערבה,ללא שיוך למטרופולין,330,קיבוץ,חבל אילות,אשכול רשויות נגב מזרחי,610,0.1
יובל,2009,1952,2,מחוז הצפון,נפת צפת,עמק חולה,ללא שיוך למטרופולין,310,מושב,מבואות החרמון,אשכול רשויות גליל מזרחי,211,0.4
יובלים,1226,1982,2,מחוז הצפון,נפת עכו,אזור שפרעם,"מטרופולין חיפה, טבעת חיצונית, גזרה צפונית",370,יישוב קהילתי,משגב,אשכול רשויות בית הכרם הגלילי,210,0.5
יודפת,1112,1960,2,מחוז הצפון,נפת עכו,אזור שפרעם,"מטרופולין חיפה, טבעת חיצונית, גזרה צפונית",320,מושב שיתופי,משגב,אשכול רשויות בית הכרם הגלילי,210,0.3
יונתן,4007,1976,2,מחוז הצפון,נפת גולן,גולן תיכון,ללא שיוך למטרופולין,320,מושב שיתופי,גולן,אשכול רשויות גליל מזרחי,211,0.2
יושיביה,803,1950,6,מחוז הדרום,נפת באר שבע,אזור גרר,ללא שיוך למטרופולין,310,מושב,שדות נגב,אשכול רשויות נגב מערבי,620,0.3
יזרעאל,452,1948,2,מחוז הצפון,נפת יזרעאל,עמק יזרעאל,ללא שיוך למטרופולין,330,קיבוץ,הגלבוע,אשכול רשויות הגליל והעמקים,213,0.3
יחיעם,409,1946,2,מחוז הצפון,נפת עכו,אזור יחיעם,ללא שיוך למטרופולין,330,קיבוץ,מטה אשר,אשכול רשויות גליל מערבי,212,0.4
יטבתה,866,1951,6,מחוז הדרום,נפת באר שבע,אזור הערבה,ללא שיוך למטרופולין,330,קיבוץ,חבל אילות,אשכול רשויות נגב מזרחי,610,0.5
"ייט""ב",3607,1970,7,אזור יהודה ושומרון,,,ללא שיוך למטרופולין,320,מושב שיתופי,ערבות הירדן,אשכול רשויות יהודה ושומרון,710,0.1
יכיני,811,1950,6,מחוז הדרום,נפת אשקלון,אזור אשקלון,ללא שיוך למטרופולין,310,מושב,שער הנגב,אשכול רשויות נגב מערבי,620,0.4
ינוב,753,1950,4,מחוז המרכז,נפת השרון,מערב השרון,"מטרופולין תל אביב, טבעת חיצונית, גזרה צפונית",310,מושב,לב השרון,אשכול רשויות השרון,410,0.6
ינון,2011,1952,6,מחוז הדרום,נפת אשקלון,אזור מלאכי,"מטרופולין תל אביב, טבעת חיצונית, גזרה דרומית",310,מושב,באר טוביה,אשכול רשויות שורק דרומי,420,0.5
יסוד המעלה,29,1883,2,מחוז הצפון,נפת צפת,עמק חולה,ללא שיוך למטרופולין,350,יישוב כפרי אחר יהודי,מועצה מקומית,אשכול רשויות גליל מזרחי,211,1.2
יסודות,440,1948,4,מחוז המרכז,נפת רחובות,אזור רחובות,"מטרופולין תל אביב, טבעת חיצונית, גזרה דרומית",320,מושב שיתופי,נחל שורק,אשכול רשויות שורק דרומי,420,0.2
יסעור,575,1949,2,מחוז הצפון,נפת עכו,אזור עכו,"מטרופולין חיפה, טבעת חיצונית, גזרה צפונית",330,קיבוץ,מטה אשר,אשכול רשויות גליל מערבי,212,0.3
יעד,1138,1975,2,מחוז הצפון,נפת עכו,אזור שפרעם,"מטרופולין חיפה, טבעת חיצונית, גזרה צפונית",310,מושב,משגב,אשכול רשויות בית הכרם הגלילי,210,0.2
יעף,1044,1968,4,מחוז המרכז,נפת השרון,מערב השרון,"מטרופולין תל אביב, טבעת חיצונית, גזרה צפונית",350,יישוב כפרי אחר יהודי,לב השרון,אשכול רשויות השרון,410,0.1
יערה,795,1950,2,מחוז הצפון,נפת עכו,אזור אילון,ללא שיוך למטרופולין,310,מושב,מעלה יוסף,אשכול רשויות גליל מערבי,212,0.4
יפיע,499,,2,מחוז הצפון,נפת יזרעאל,הרי נצרת-תירען,ללא שיוך למטרופולין,270,"יישוב לא יהודי 19,999-10,000 תושבים",מועצה מקומית,אשכול רשויות הגליל והעמקים,213,2.2
יפית,3566,1980,7,אזור יהודה ושומרון,,,ללא שיוך למטרופולין,310,מושב,ערבות הירדן,אשכול רשויות יהודה ושומרון,710,0.2
יפעת,134,1926,2,מחוז הצפון,נפת יזרעאל,עמק יזרעאל,ללא שיוך למטרופולין,330,קיבוץ,עמק יזרעאל,אשכול רשויות הגליל והעמקים,213,0.5
יפתח,453,1948,2,מחוז הצפון,נפת צפת,גליל עליון מזרחי,ללא שיוך למטרופולין,330,קיבוץ,הגליל העליון,אשכול רשויות גליל מזרחי,211,0.3
יצהר,3749,1983,7,אזור יהודה ושומרון,,,ללא שיוך למטרופולין,190,"יישוב יהודי 4,999-2,000 תושבים",שומרון,אשכול רשויות יהודה ושומרון,710,0.2
יציץ,759,1950,4,מחוז המרכז,נפת רמלה,אזור מודיעין,"מטרופולין תל אביב, טבעת חיצונית, גזרה דרומית",310,מושב,גזר,ללא שיוך לאשכול,0,0.5
יקום,417,1947,4,מחוז המרכז,נפת השרון,מערב השרון,"מטרופולין תל אביב, טבעת חיצונית, גזרה צפונית",330,קיבוץ,חוף השרון,ללא שיוך לאשכול,0,0.4
יקיר,3647,1981,7,אזור יהודה ושומרון,,,"מטרופולין תל אביב, טבעת חיצונית, גזרת יישובים ישראלים ביהודה ושומרון",190,"יישוב יהודי 4,999-2,000 תושבים",שומרון,אשכול רשויות יהודה ושומרון,710,0.5
יקנעם (מושבה),241,1935,2,מחוז הצפון,נפת יזרעאל,אזור יקנעם,ללא שיוך למטרופולין,310,מושב,מגידו,אשכול רשויות הגליל והעמקים,213,0.8
יקנעם עילית,240,1950,2,מחוז הצפון,נפת יזרעאל,אזור יקנעם,"מטרופולין חיפה, טבעת פנימית, גזרה דרומית",160,"יישוב יהודי 49,999-20,000 תושבים",עירייה,אשכול רשויות המפרץ,310,3.5
יראון,623,1949,2,מחוז הצפון,נפת עכו,אזור אילון,ללא שיוך למטרופולין,330,קיבוץ,הגליל העליון,אשכול רשויות גליל מזרחי,211,0.3
ירדנה,2026,1952,2,מחוז הצפון,נפת יזרעאל,עמק בית שאן,ללא שיוך למטרופולין,310,מושב,עמק המעיינות,אשכול רשויות הכנרת והעמקים,214,0.4
ירוחם,831,1951,6,מחוז הדרום,נפת באר שבע,הר הנגב הצפוני,ללא שיוך למטרופולין,170,"יישוב יהודי 19,999-10,000 תושבים",מועצה מקומית,אשכול רשויות נגב מזרחי,610,3.3
ירושלים,3000,ותיק,1,מחוז ירושלים,נפת ירושלים,הרי יהודה,"מטרופולין ירושלים, גלעין",120,"יישוב יהודי 500,000 תושבים ומעלה",עירייה,ללא שיוך לאשכול,0,67.5
ירחיב,718,1949,4,מחוז המרכז,נפת פתח תקווה,דרום השרון,"מטרופולין תל אביב, טבעת חיצונית, גזרה מזרחית",310,מושב,דרום השרון,אשכול רשויות השרון,410,0.4
ירכא,502,,2,מחוז הצפון,נפת עכו,אזור יחיעם,ללא שיוך למטרופולין,270,"יישוב לא יהודי 19,999-10,000 תושבים",מועצה מקומית,ללא שיוך לאשכול,0,5
ירקונה,183,1932,4,מחוז המרכז,נפת פתח תקווה,דרום השרון,"מטרופולין תל אביב, טבעת חיצונית, גזרה מזרחית",310,מושב,דרום השרון,אשכול רשויות השרון,410,0.2
ישע,916,1957,6,מחוז הדרום,נפת באר שבע,אזור בשור,ללא שיוך למטרופולין,310,מושב,אשכול,אשכול רשויות נגב מערבי,620,0.3
ישעי,805,1950,1,מחוז ירושלים,נפת ירושלים,שפלת יהודה,"מטרופולין ירושלים, טבעת חיצונית, גזרה מערבית",310,מושב,מטה יהודה,ללא שיוך לאשכול,0,0.3
ישרש,828,1950,4,מחוז המרכז,נפת רמלה,אזור מודיעין,"מטרופולין תל אביב, טבעת חיצונית, גזרה דרומית",310,מושב,גזר,ללא שיוך לאשכול,0,0.6
יתד,1227,1981,6,מחוז הדרום,נפת באר שבע,אזור בשור,ללא שיוך למטרופולין,310,מושב,אשכול,אשכול רשויות נגב מערבי,620,0.4
כאוכב אבו אל-היג'א,505,,2,מחוז הצפון,נפת עכו,אזור שפרעם,"מטרופולין חיפה, טבעת חיצונית, גזרה צפונית",290,"יישוב לא יהודי 4,999-2,000 תושבים",מועצה מקומית,ללא שיוך לאשכול,0,0.8
כברי,576,1949,2,מחוז הצפון,נפת עכו,אזור נהרייה,ללא שיוך למטרופולין,330,קיבוץ,מטה אשר,אשכול רשויות גליל מערבי,212,0.4
כדיתה,1338,2009,2,מחוז הצפון,נפת צפת,גליל עליון מזרחי,ללא שיוך למטרופולין,370,יישוב קהילתי,מרום הגליל,אשכול רשויות גליל מזרחי,211,0.1
כוכב השחר,3564,1977,7,אזור יהודה ושומרון,,,"מטרופולין ירושלים, טבעת חיצונית, גזרת יישובים ישראלים ביהודה ושומרון",190,"יישוב יהודי 4,999-2,000 תושבים",מטה בנימין,אשכול רשויות יהודה ושומרון,710,0.4
כוכב יאיר,1224,1981,4,מחוז המרכז,נפת פתח תקווה,דרום השרון,"מטרופולין תל אביב, טבעת חיצונית, גזרה צפונית",180,"יישוב יהודי 9,999-5,000 תושבים",מועצה מקומית,אשכול רשויות השרון,410,2.3
כוכב מיכאל,824,1950,6,מחוז הדרום,נפת אשקלון,אזור אשקלון,ללא שיוך למטרופולין,310,מושב,חוף אשקלון,אשכול רשויות נגב מערבי,620,0.6
כורזים,1252,1983,2,מחוז הצפון,נפת צפת,אזור חצור,ללא שיוך למטרופולין,350,יישוב כפרי אחר יהודי,מבואות החרמון,אשכול רשויות גליל מזרחי,211,0.3
כחל,1210,1980,2,מחוז הצפון,נפת צפת,גליל עליון מזרחי,ללא שיוך למטרופולין,310,מושב,מבואות החרמון,אשכול רשויות גליל מזרחי,211,0.3
כחלה,1367,2008,6,מחוז הדרום,נפת באר שבע,אזור באר שבע,ללא שיוך למטרופולין,450,יישוב כפרי אחר לא יהודי,אל קסום,אשכול רשויות נגב מזרחי,610,0.1
כיסופים,840,1951,6,מחוז הדרום,נפת באר שבע,אזור בשור,ללא שיוך למטרופולין,330,קיבוץ,אשכול,אשכול רשויות נגב מערבי,620,0.2
כישור,1153,1976,2,מחוז הצפון,נפת עכו,אזור יחיעם,ללא שיוך למטרופולין,330,קיבוץ,משגב,אשכול רשויות בית הכרם הגלילי,210,0.1
כליל,1183,1979,2,מחוז הצפון,נפת עכו,אזור יחיעם,ללא שיוך למטרופולין,370,יישוב קהילתי,מטה אשר,אשכול רשויות גליל מערבי,212,0.5
כלנית,1229,1981,2,מחוז הצפון,נפת צפת,גליל תחתון מרכזי,ללא שיוך למטרופולין,310,מושב,מרום הגליל,אשכול רשויות גליל מזרחי,211,0.2
כמאנה,1331,,2,מחוז הצפון,נפת עכו,אזור כרמיאל,ללא שיוך למטרופולין,450,יישוב כפרי אחר לא יהודי,משגב,אשכול רשויות בית הכרם הגלילי,210,0.3
כמהין,1291,1988,6,מחוז הדרום,נפת באר שבע,הר הנגב הצפוני,ללא שיוך למטרופולין,310,מושב,רמת נגב,אשכול רשויות נגב מזרחי,610,0.1
כמון,1201,1980,2,מחוז הצפון,נפת עכו,אזור כרמיאל,ללא שיוך למטרופולין,370,יישוב קהילתי,משגב,אשכול רשויות בית הכרם הגלילי,210,0.3
כנף,4028,1991,2,מחוז הצפון,נפת גולן,גולן תיכון,ללא שיוך למטרופולין,310,מושב,גולן,אשכול רשויות גליל מזרחי,211,0.3
כנרת (מושבה),63,1909,2,מחוז הצפון,נפת כנרת,כנרות,ללא שיוך למטרופולין,350,יישוב כפרי אחר יהודי,עמק הירדן,אשכול רשויות הכנרת והעמקים,214,0.7
כנרת (קבוצה),57,1908,2,מחוז הצפון,נפת כנרת,כנרות,ללא שיוך למטרופולין,330,קיבוץ,עמק הירדן,אשכול רשויות הכנרת והעמקים,214,0.4
כסיפה,1059,,6,מחוז הדרום,נפת באר שבע,אזור באר שבע,ללא שיוך למטרופולין,260,"יישוב לא יהודי 49,999-20,000 תושבים",מועצה מקומית,אשכול רשויות נגב מזרחי,610,3.6
כסלון,859,1952,1,מחוז ירושלים,נפת ירושלים,הרי יהודה,"מטרופולין ירושלים, טבעת חיצונית, גזרה מערבית",310,מושב,מטה יהודה,ללא שיוך לאשכול,0,0.2
כסרא-סמיע,1296,,2,מחוז הצפון,נפת עכו,אזור יחיעם,ללא שיוך למטרופולין,280,"יישוב לא יהודי 9,999-5,000 תושבים",מועצה מקומית,ללא שיוך לאשכול,0,2.5
כעביה-טבאש-חג'אג'רה,978,,2,מחוז הצפון,נפת יזרעאל,הרי נצרת-תירען,"מטרופולין חיפה, טבעת חיצונית, גזרה מזרחית",280,"יישוב לא יהודי 9,999-5,000 תושבים",מועצה מקומית,אשכול רשויות המפרץ,310,1.4
כפר אביב,857,1951,4,מחוז המרכז,נפת רחובות,אזור רחובות,"מטרופולין תל אביב, טבעת חיצונית, גזרה דרומית",310,מושב,גדרות,ללא שיוך לאשכול,0,0.4
כפר אדומים,3638,1979,7,אזור יהודה ושומרון,,,"מטרופולין ירושלים, טבעת חיצונית, גזרת יישובים ישראלים ביהודה ושומרון",190,"יישוב יהודי 4,999-2,000 תושבים",מטה בנימין,אשכול רשויות יהודה ושומרון,710,0.9
כפר אוריה,364,1944,1,מחוז ירושלים,נפת ירושלים,שפלת יהודה,"מטרופולין ירושלים, טבעת חיצונית, גזרה מערבית",310,מושב,מטה יהודה,ללא שיוך לאשכול,0,0.4
כפר אחים,690,1949,6,מחוז הדרום,נפת אשקלון,אזור מלאכי,"מטרופולין תל אביב, טבעת חיצונית, גזרה דרומית",310,מושב,באר טוביה,אשכול רשויות שורק דרומי,420,0.4
כפר ביאליק,220,1934,3,מחוז חיפה,נפת חיפה,אזור חיפה,"מטרופולין חיפה, טבעת פנימית, גזרה מזרחית",310,מושב,זבולון,אשכול רשויות המפרץ,310,0.4
"כפר ביל""ו",177,1932,4,מחוז המרכז,נפת רחובות,אזור רחובות,"מטרופולין תל אביב, טבעת חיצונית, גזרה דרומית",310,מושב,גזר,ללא שיוך לאשכול,0,0.7
כפר בלום,357,1943,2,מחוז הצפון,נפת צפת,עמק חולה,ללא שיוך למטרופולין,330,קיבוץ,הגליל העליון,אשכול רשויות גליל מזרחי,211,0.6
כפר בן נון,2010,1952,4,מחוז המרכז,נפת רמלה,אזור מודיעין,"מטרופולין תל אביב, טבעת חיצונית, גזרה דרומית",310,מושב,גזר,ללא שיוך לאשכול,0,0.4
כפר ברא,633,,4,מחוז המרכז,נפת פתח תקווה,אזור פתח תקווה,"מטרופולין תל אביב, טבעת חיצונית, גזרה מזרחית",290,"יישוב לא יהודי 4,999-2,000 תושבים",מועצה מקומית,אשכול רשויות השרון,410,0.5
כפר ברוך,132,1926,2,מחוז הצפון,נפת יזרעאל,עמק יזרעאל,ללא שיוך למטרופולין,310,מושב,עמק יזרעאל,אשכול רשויות הגליל והעמקים,213,0.4
כפר גדעון,106,1923,2,מחוז הצפון,נפת יזרעאל,עמק יזרעאל,ללא שיוך למטרופולין,310,מושב,עמק יזרעאל,אשכול רשויות הגליל והעמקים,213,0.3
כפר גליקסון,310,1939,3,מחוז חיפה,נפת חדרה,אזור חדרה,ללא שיוך למטרופולין,330,קיבוץ,מנשה,ללא שיוך לאשכול,0,0.2
כפר גלעדי,76,1916,2,מחוז הצפון,נפת צפת,עמק חולה,ללא שיוך למטרופולין,330,קיבוץ,הגליל העליון,אשכול רשויות גליל מזרחי,211,0.3
כפר דניאל,707,1949,4,מחוז המרכז,נפת רמלה,אזור רמלה,"מטרופולין תל אביב, טבעת חיצונית, גזרה מזרחית",320,מושב שיתופי,חבל מודיעין,ללא שיוך לאשכול,0,0.3
כפר האורנים,3796,1998,7,אזור יהודה ושומרון,,,ללא שיוך למטרופולין,190,"יישוב יהודי 4,999-2,000 תושבים",מטה בנימין,אשכול רשויות יהודה ושומרון,710,0.4
כפר החורש,192,1933,2,מחוז הצפון,נפת יזרעאל,הרי נצרת-תירען,ללא שיוך למטרופולין,330,קיבוץ,עמק יזרעאל,אשכול רשויות הגליל והעמקים,213,0.2
כפר המכבי,254,1936,3,מחוז חיפה,נפת חיפה,אזור חיפה,"מטרופולין חיפה, טבעת פנימית, גזרה מזרחית",330,קיבוץ,זבולון,אשכול רשויות המפרץ,310,0.3
כפר הנגיד,582,1949,4,מחוז המרכז,נפת רחובות,אזור ראשון לציון,"מטרופולין תל אביב, טבעת חיצונית, גזרה דרומית",310,מושב,גן רווה,ללא שיוך לאשכול,0,0.6
כפר הנשיא,443,1948,2,מחוז הצפון,נפת צפת,אזור חצור,ללא שיוך למטרופולין,330,קיבוץ,הגליל העליון,אשכול רשויות גליל מזרחי,211,0.4
כפר הס,187,1933,4,מחוז המרכז,נפת השרון,מערב השרון,"מטרופולין תל אביב, טבעת חיצונית, גזרה צפונית",310,מושב,לב השרון,אשכול רשויות השרון,410,0.6
"כפר הרא""ה",217,1934,4,מחוז המרכז,נפת השרון,מערב השרון,"מטרופולין תל אביב, טבעת חיצונית, גזרה צפונית",310,מושב,עמק חפר,ללא שיוך לאשכול,0,0.4
"כפר הרי""ף",888,1956,6,מחוז הדרום,נפת אשקלון,אזור מלאכי,ללא שיוך למטרופולין,310,מושב,יואב,אשכול רשויות שורק דרומי,420,0.4
כפר ויתקין,190,1933,4,מחוז המרכז,נפת השרון,מערב השרון,"מטרופולין תל אביב, טבעת חיצונית, גזרה צפונית",310,מושב,עמק חפר,ללא שיוך לאשכול,0,0.9
כפר ורבורג,320,1939,6,מחוז הדרום,נפת אשקלון,אזור מלאכי,"מטרופולין תל אביב, טבעת חיצונית, גזרה דרומית",310,מושב,באר טוביה,אשכול רשויות שורק דרומי,420,0.7
כפר ורדים,1263,1984,2,מחוז הצפון,נפת עכו,אזור יחיעם,ללא שיוך למטרופולין,180,"יישוב יהודי 9,999-5,000 תושבים",מועצה מקומית,אשכול רשויות גליל מערבי,212,1.8
כפר זיתים,786,1950,2,מחוז הצפון,נפת כנרת,גליל תחתון מזרחי,ללא שיוך למטרופולין,310,מושב,הגליל התחתון,אשכול רשויות הכנרת והעמקים,214,0.4
"כפר חב""ד",696,1949,4,מחוז המרכז,נפת רמלה,אזור מודיעין,"מטרופולין תל אביב, טבעת תיכונה, גזרה דרומית",180,"יישוב יהודי 9,999-5,000 תושבים",שדות דן,ללא שיוך לאשכול,0,1
כפר חושן,609,1949,2,מחוז הצפון,נפת צפת,גליל עליון מזרחי,ללא שיוך למטרופולין,310,מושב,מרום הגליל,אשכול רשויות גליל מזרחי,211,0.7
כפר חיטים,255,1936,2,מחוז הצפון,נפת כנרת,גליל תחתון מזרחי,ללא שיוך למטרופולין,320,מושב שיתופי,הגליל התחתון,אשכול רשויות הכנרת והעמקים,214,0.3
כפר חיים,193,1933,4,מחוז המרכז,נפת השרון,מערב השרון,"מטרופולין תל אביב, טבעת חיצונית, גזרה צפונית",310,מושב,עמק חפר,ללא שיוך לאשכול,0,0.4
כפר חנניה,1297,1990,2,מחוז הצפון,נפת צפת,גליל עליון מזרחי,ללא שיוך למטרופולין,370,יישוב קהילתי,מרום הגליל,אשכול רשויות גליל מזרחי,211,0.3
כפר חסידים א',112,1924,3,מחוז חיפה,נפת חיפה,אזור חיפה,"מטרופולין חיפה, טבעת פנימית, גזרה מזרחית",310,מושב,זבולון,אשכול רשויות המפרץ,310,0.6
כפר חסידים ב',889,1950,3,מחוז חיפה,נפת חיפה,אזור חיפה,"מטרופולין חיפה, טבעת פנימית, גזרה מזרחית",350,יישוב כפרי אחר יהודי,זבולון,אשכול רשויות המפרץ,310,0.1
כפר חרוב,4004,1974,2,מחוז הצפון,נפת גולן,גולן דרומי,ללא שיוך למטרופולין,330,קיבוץ,גולן,אשכול רשויות גליל מזרחי,211,0.2
כפר טרומן,673,1949,4,מחוז המרכז,נפת רמלה,אזור מודיעין,"מטרופולין תל אביב, טבעת חיצונית, גזרה מזרחית",310,מושב,חבל מודיעין,ללא שיוך לאשכול,0,0.5
כפר יאסיף,507,,2,מחוז הצפון,נפת עכו,אזור נהרייה,ללא שיוך למטרופולין,270,"יישוב לא יהודי 19,999-10,000 תושבים",מועצה מקומית,ללא שיוך לאשכול,0,1.4
כפר ידידיה,233,1935,4,מחוז המרכז,נפת השרון,מערב השרון,"מטרופולין תל אביב, טבעת חיצונית, גזרה צפונית",310,מושב,עמק חפר,ללא שיוך לאשכול,0,0.3
כפר יהושע,140,1927,2,מחוז הצפון,נפת יזרעאל,אזור יקנעם,ללא שיוך למטרופולין,310,מושב,עמק יזרעאל,אשכול רשויות הגליל והעמקים,213,0.7
כפר יונה,168,1932,4,מחוז המרכז,נפת השרון,מערב השרון,"מטרופולין תל אביב, טבעת חיצונית, גזרה צפונית",160,"יישוב יהודי 49,999-20,000 תושבים",עירייה,ללא שיוך לאשכול,0,3.5
כפר יחזקאל,85,1921,2,מחוז הצפון,נפת יזרעאל,עמק חרוד,ללא שיוך למטרופולין,310,מושב,הגלבוע,אשכול רשויות הגליל והעמקים,213,0.6
כפר יעבץ,170,1932,4,מחוז המרכז,נפת השרון,מערב השרון,"מטרופולין תל אביב, טבעת חיצונית, גזרה צפונית",310,מושב,לב השרון,אשכול רשויות השרון,410,0.3
כפר כמא,508,,2,מחוז הצפון,נפת כנרת,גליל תחתון מזרחי,ללא שיוך למטרופולין,290,"יישוב לא יהודי 4,999-2,000 תושבים",מועצה מקומית,אשכול רשויות הכנרת והעמקים,214,1
כפר כנא,509,,2,מחוז הצפון,נפת יזרעאל,הרי נצרת-תירען,ללא שיוך למטרופולין,260,"יישוב לא יהודי 49,999-20,000 תושבים",מועצה מקומית,אשכול רשויות הגליל והעמקים,213,3.6
כפר מונש,387,1946,4,מחוז המרכז,נפת השרון,מערב השרון,"מטרופולין תל אביב, טבעת חיצונית, גזרה צפונית",310,מושב,עמק חפר,ללא שיוך לאשכול,0,0.5
כפר מימון,1095,1959,6,מחוז הדרום,נפת באר שבע,אזור גרר,ללא שיוך למטרופולין,310,מושב,שדות נגב,אשכול רשויות נגב מערבי,620,0.3
"כפר מל""ל",98,1922,4,מחוז המרכז,נפת פתח תקווה,דרום השרון,"מטרופולין תל אביב, טבעת תיכונה, גזרה צפונית",310,מושב,דרום השרון,אשכול רשויות השרון,410,0.4
כפר מנדא,510,,2,מחוז הצפון,נפת עכו,אזור שפרעם,ללא שיוך למטרופולין,260,"יישוב לא יהודי 49,999-20,000 תושבים",מועצה מקומית,ללא שיוך לאשכול,0,2.6
כפר מנחם,274,1937,6,מחוז הדרום,נפת אשקלון,אזור מלאכי,ללא שיוך למטרופולין,330,קיבוץ,יואב,אשכול רשויות שורק דרומי,420,0.6
כפר מסריק,297,1938,2,מחוז הצפון,נפת עכו,אזור עכו,"מטרופולין חיפה, טבעת חיצונית, גזרה צפונית",330,קיבוץ,מטה אשר,אשכול רשויות גליל מערבי,212,0.4
כפר מצר,512,,2,מחוז הצפון,נפת יזרעאל,רמת כוכב,ללא שיוך למטרופולין,290,"יישוב לא יהודי 4,999-2,000 תושבים",בוסתן אל-מרג',אשכול רשויות הגליל והעמקים,213,0.3
כפר מרדכי,764,1950,4,מחוז המרכז,נפת רחובות,אזור רחובות,"מטרופולין תל אביב, טבעת חיצונית, גזרה דרומית",310,מושב,גדרות,ללא שיוך לאשכול,0,0.4
כפר נטר,316,1939,4,מחוז המרכז,נפת השרון,מערב השרון,"מטרופולין תל אביב, טבעת חיצונית, גזרה צפונית",310,מושב,חוף השרון,ללא שיוך לאשכול,0,0.6
כפר סאלד,345,1942,2,מחוז הצפון,נפת צפת,עמק חולה,ללא שיוך למטרופולין,330,קיבוץ,הגליל העליון,אשכול רשויות גליל מזרחי,211,0.3
כפר סבא,6900,1903,4,מחוז המרכז,נפת פתח תקווה,דרום השרון,"מטרופולין תל אביב, טבעת תיכונה, גזרה צפונית",140,"יישוב יהודי 199,999-100,000 תושבים",עירייה,אשכול רשויות השרון,410,10.3
כפר סירקין,249,1936,4,מחוז המרכז,נפת פתח תקווה,אזור פתח תקווה,"מטרופולין תל אביב, טבעת חיצונית, גזרה מזרחית",310,מושב,דרום השרון,אשכול רשויות השרון,410,1
כפר עזה,845,1951,6,מחוז הדרום,נפת אשקלון,אזור אשקלון,ללא שיוך למטרופולין,330,קיבוץ,שער הנגב,אשכול רשויות נגב מערבי,620,0.4
כפר עציון,3488,1967,7,אזור יהודה ושומרון,,,"מטרופולין ירושלים, טבעת חיצונית, גזרת יישובים ישראלים ביהודה ושומרון",330,קיבוץ,גוש עציון,ללא שיוך לאשכול,0,0.3
כפר פינס,189,1933,3,מחוז חיפה,נפת חדרה,אזור חדרה,ללא שיוך למטרופולין,310,מושב,מנשה,ללא שיוך לאשכול,0,0.4
כפר קאסם,634,,4,מחוז המרכז,נפת פתח תקווה,אזור פתח תקווה,"מטרופולין תל אביב, טבעת חיצונית, גזרה מזרחית",260,"יישוב לא יהודי 49,999-20,000 תושבים",עירייה,אשכול רשויות השרון,410,6.4
כפר קיש,388,1946,2,מחוז הצפון,נפת כנרת,גליל תחתון מזרחי,ללא שיוך למטרופולין,310,מושב,הגליל התחתון,אשכול רשויות הכנרת והעמקים,214,0.4
כפר קרע,654,,3,מחוז חיפה,נפת חדרה,הר אלכסנדר,ללא שיוך למטרופולין,270,"יישוב לא יהודי 19,999-10,000 תושבים",מועצה מקומית,ללא שיוך לאשכול,0,6
כפר ראש הנקרה,579,1949,2,מחוז הצפון,נפת עכו,אזור נהרייה,ללא שיוך למטרופולין,330,קיבוץ,מטה אשר,אשכול רשויות גליל מערבי,212,0.6
כפר רוזנואלד (זרעית),1130,1967,2,מחוז הצפון,נפת עכו,אזור אילון,ללא שיוך למטרופולין,310,מושב,מעלה יוסף,אשכול רשויות גליל מערבי,212,0.4
כפר רופין,295,1938,2,מחוז הצפון,נפת יזרעאל,עמק בית שאן,ללא שיוך למטרופולין,330,קיבוץ,עמק המעיינות,אשכול רשויות הכנרת והעמקים,214,0.3
כפר רות,1166,1977,4,מחוז המרכז,נפת רמלה,אזור רמלה,"מטרופולין תל אביב, טבעת חיצונית, גזרה מזרחית",310,מושב,חבל מודיעין,ללא שיוך לאשכול,0,0.5
כפר שמאי,605,1949,2,מחוז הצפון,נפת צפת,גליל עליון מזרחי,ללא שיוך למטרופולין,310,מושב,מרום הגליל,אשכול רשויות גליל מזרחי,211,0.5
כפר שמואל,743,1950,4,מחוז המרכז,נפת רמלה,אזור מודיעין,"מטרופולין תל אביב, טבעת חיצונית, גזרה דרומית",310,מושב,גזר,ללא שיוך לאשכול,0,0.6
כפר שמריהו,267,1937,5,מחוז תל אביב,נפת תל אביב,אזור תל אביב,"מטרופולין תל אביב, טבעת פנימית, גזרה צפונית",350,יישוב כפרי אחר יהודי,מועצה מקומית,ללא שיוך לאשכול,0,1.6
כפר תבור,47,1901,2,מחוז הצפון,נפת כנרת,גליל תחתון מזרחי,ללא שיוך למטרופולין,190,"יישוב יהודי 4,999-2,000 תושבים",מועצה מקומית,אשכול רשויות הכנרת והעמקים,214,1.6
כפר תפוח,3572,1978,7,אזור יהודה ושומרון,,,ללא שיוך למטרופולין,370,יישוב קהילתי,שומרון,אשכול רשויות יהודה ושומרון,710,0.2
כרכום,1285,1988,2,מחוז הצפון,נפת צפת,אזור חצור,ללא שיוך למטרופולין,370,יישוב קהילתי,מבואות החרמון,אשכול רשויות גליל מזרחי,211,0.2
כרם בן זמרה,664,1949,2,מחוז הצפון,נפת צפת,גליל עליון מזרחי,ללא שיוך למטרופולין,310,מושב,מרום הגליל,אשכול רשויות גליל מזרחי,211,0.5
כרם בן שמן,88,1958,4,מחוז המרכז,נפת רמלה,אזור מודיעין,"מטרופולין תל אביב, טבעת חיצונית, גזרה מזרחית",350,יישוב כפרי אחר יהודי,חבל מודיעין,ללא שיוך לאשכול,0,0
"כרם מהר""ל",580,1949,3,מחוז חיפה,נפת חדרה,אזור זכרון יעקב,"מטרופולין חיפה, טבעת חיצונית, גזרה דרומית",310,מושב,חוף הכרמל,ללא שיוך לאשכול,0,0.5
כרם שלום,1085,1956,6,מחוז הדרום,נפת באר שבע,אזור בשור,ללא שיוך למטרופולין,330,קיבוץ,אשכול,אשכול רשויות נגב מערבי,620,0.1
כרמי יוסף,1264,1984,4,מחוז המרכז,נפת רמלה,אזור מודיעין,"מטרופולין תל אביב, טבעת חיצונית, גזרה דרומית",350,יישוב כפרי אחר יהודי,גזר,ללא שיוך לאשכול,0,0.9
כרמי צור,3766,1984,7,אזור יהודה ושומרון,,,ללא שיוך למטרופולין,370,יישוב קהילתי,גוש עציון,ללא שיוך לאשכול,0,0.2
כרמי קטיף,1374,2016,6,מחוז הדרום,נפת אשקלון,אזור לכיש,ללא שיוך למטרופולין,370,יישוב קהילתי,לכיש,ללא שיוך לאשכול,0,0.1
כרמיאל,1139,1964,2,מחוז הצפון,נפת עכו,אזור כרמיאל,ללא שיוך למטרופולין,160,"יישוב יהודי 49,999-20,000 תושבים",עירייה,אשכול רשויות בית הכרם הגלילי,210,7.5
כרמייה,768,1950,6,מחוז הדרום,נפת אשקלון,אזור אשקלון,ללא שיוך למטרופולין,330,קיבוץ,חוף אשקלון,אשכול רשויות נגב מערבי,620,0.2
כרמים,1198,1980,6,מחוז הדרום,נפת באר שבע,אזור באר שבע,"מטרופולין באר שבע, טבעת חיצונית, גזרה צפונית",330,קיבוץ,בני שמעון,אשכול רשויות נגב מערבי,620,0.2
כרמל,3656,1981,7,אזור יהודה ושומרון,,,ללא שיוך למטרופולין,320,מושב שיתופי,הר חברון,אשכול רשויות יהודה ושומרון,710,0.2
לבון,1207,1980,2,מחוז הצפון,נפת עכו,אזור יחיעם,ללא שיוך למטרופולין,350,יישוב כפרי אחר יהודי,משגב,אשכול רשויות בית הכרם הגלילי,210,0.3
לביא,585,1949,2,מחוז הצפון,נפת כנרת,גליל תחתון מזרחי,ללא שיוך למטרופולין,330,קיבוץ,הגליל התחתון,אשכול רשויות הכנרת והעמקים,214,0.3
לבנים,1230,1982,2,מחוז הצפון,נפת צפת,גליל תחתון מרכזי,ללא שיוך למטרופולין,310,מושב,מרום הגליל,אשכול רשויות גליל מזרחי,211,0.2
להב,2023,1952,6,מחוז הדרום,נפת באר שבע,אזור באר שבע,"מטרופולין באר שבע, טבעת חיצונית, גזרה צפונית",330,קיבוץ,בני שמעון,אשכול רשויות נגב מערבי,620,0.3
להבות הבשן,380,1945,2,מחוז הצפון,נפת צפת,עמק חולה,ללא שיוך למטרופולין,330,קיבוץ,הגליל העליון,אשכול רשויות גליל מזרחי,211,0.5
להבות חביבה,715,1949,3,מחוז חיפה,נפת חדרה,אזור חדרה,ללא שיוך למטרופולין,330,קיבוץ,מנשה,ללא שיוך לאשכול,0,0.3
להבים,1271,1985,6,מחוז הדרום,נפת באר שבע,אזור באר שבע,"מטרופולין באר שבע, טבעת חיצונית, גזרה צפונית",180,"יישוב יהודי 9,999-5,000 תושבים",מועצה מקומית,ללא שיוך לאשכול,0,2.5
לוד,7000,1948,4,מחוז המרכז,נפת רמלה,אזור מודיעין,"מטרופולין תל אביב, טבעת תיכונה, גזרה דרומית",150,"יישוב יהודי 99,999-50,000 תושבים",עירייה,ללא שיוך לאשכול,0,8.2
לוזית,52,1955,1,מחוז ירושלים,נפת ירושלים,שפלת יהודה,ללא שיוך למטרופולין,310,מושב,מטה יהודה,ללא שיוך לאשכול,0,0.3
לוחמי הגיטאות,595,1949,2,מחוז הצפון,נפת עכו,אזור נהרייה,"מטרופולין חיפה, טבעת חיצונית, גזרה צפונית",330,קיבוץ,מטה אשר,אשכול רשויות גליל מערבי,212,0.5
לוטם,1171,1978,2,מחוז הצפון,נפת עכו,אזור כרמיאל,ללא שיוך למטרופולין,330,קיבוץ,משגב,אשכול רשויות בית הכרם הגלילי,210,0.2
לוטן,1255,1983,6,מחוז הדרום,נפת באר שבע,אזור הערבה,ללא שיוך למטרופולין,330,קיבוץ,חבל אילות,אשכול רשויות נגב מזרחי,610,0.1
לימן,674,1949,2,מחוז הצפון,נפת עכו,אזור נהרייה,"מטרופולין חיפה, טבעת חיצונית, גזרה צפונית",310,מושב,מטה אשר,אשכול רשויות גליל מערבי,212,0.6
לכיש,24,1955,6,מחוז הדרום,נפת אשקלון,אזור לכיש,ללא שיוך למטרופולין,310,מושב,לכיש,ללא שיוך לאשכול,0,0.5
לפיד,1310,1996,4,מחוז המרכז,נפת רמלה,אזור רמלה,"מטרופולין תל אביב, טבעת חיצונית, גזרה מזרחית",190,"יישוב יהודי 4,999-2,000 תושבים",חבל מודיעין,ללא שיוך לאשכול,0,0.3
לפידות,1173,1978,2,מחוז הצפון,נפת עכו,אזור יחיעם,ללא שיוך למטרופולין,310,מושב,מעלה יוסף,אשכול רשויות גליל מערבי,212,0.1
לקיה,1060,,6,מחוז הדרום,נפת באר שבע,אזור באר שבע,"מטרופולין באר שבע, טבעת חיצונית, גזרה צפונית",270,"יישוב לא יהודי 19,999-10,000 תושבים",מועצה מקומית,אשכול רשויות נגב מערבי,620,2.8
מאור,2055,1953,3,מחוז חיפה,נפת חדרה,אזור חדרה,ללא שיוך למטרופולין,310,מושב,מנשה,ללא שיוך לאשכול,0,0.5
מבוא ביתר,771,1950,1,מחוז ירושלים,נפת ירושלים,הרי יהודה,"מטרופולין ירושלים, טבעת חיצונית, גזרה מערבית",320,מושב שיתופי,מטה יהודה,ללא שיוך לאשכול,0,0.3
מבוא דותן,3569,1978,7,אזור יהודה ושומרון,,,ללא שיוך למטרופולין,370,יישוב קהילתי,שומרון,אשכול רשויות יהודה ושומרון,710,0.2
מבוא חורון,3709,1970,7,אזור יהודה ושומרון,,,ללא שיוך למטרופולין,192,"מושב שיתופי 4,999-2,000 תושבים",מטה בנימין,אשכול רשויות יהודה ושומרון,710,0.6
מבוא חמה,4204,1968,2,מחוז הצפון,נפת גולן,גולן דרומי,ללא שיוך למטרופולין,330,קיבוץ,גולן,אשכול רשויות גליל מזרחי,211,0.3
מבוא מודיעים,1141,1964,4,מחוז המרכז,נפת רמלה,אזור רמלה,"מטרופולין תל אביב, טבעת חיצונית, גזרה מזרחית",370,יישוב קהילתי,חבל מודיעין,ללא שיוך לאשכול,0,0.1
מבואות יריחו,3825,2019,7,אזור יהודה ושומרון,,,ללא שיוך למטרופולין,370,יישוב קהילתי,ערבות הירדן,ללא שיוך לאשכול,0,0.1
מבועים,1080,1958,6,מחוז הדרום,נפת באר שבע,אזור גרר,ללא שיוך למטרופולין,350,יישוב כפרי אחר יהודי,מרחבים,אשכול רשויות נגב מערבי,620,0.4
מבטחים,829,1950,6,מחוז הדרום,נפת באר שבע,אזור בשור,ללא שיוך למטרופולין,310,מושב,אשכול,אשכול רשויות נגב מערבי,620,0.5
מבקיעים,573,1949,6,מחוז הדרום,נפת אשקלון,אזור אשקלון,ללא שיוך למטרופולין,310,מושב,חוף אשקלון,אשכול רשויות נגב מערבי,620,0.2
מבשרת ציון,1015,1951,1,מחוז ירושלים,נפת ירושלים,הרי יהודה,"מטרופולין ירושלים, טבעת חיצונית, גזרה מערבית",160,"יישוב יהודי 49,999-20,000 תושבים",מועצה מקומית,ללא שיוך לאשכול,0,3.4
מג'ד אל-כרום,516,,2,מחוז הצפון,נפת עכו,אזור כרמיאל,ללא שיוך למטרופולין,270,"יישוב לא יהודי 19,999-10,000 תושבים",מועצה מקומית,אשכול רשויות בית הכרם הגלילי,210,2.7
מגאר,481,,2,מחוז הצפון,נפת כנרת,גליל תחתון מזרחי,ללא שיוך למטרופולין,260,"יישוב לא יהודי 49,999-20,000 תושבים",עירייה,אשכול רשויות הכנרת והעמקים,214,4.7
מגדים,689,1949,3,מחוז חיפה,נפת חדרה,חוף הכרמל,"מטרופולין חיפה, טבעת פנימית, גזרה דרומית",310,מושב,חוף הכרמל,ללא שיוך לאשכול,0,0.7
מגדל,65,1910,2,מחוז הצפון,נפת כנרת,כנרות,ללא שיוך למטרופולין,350,יישוב כפרי אחר יהודי,מועצה מקומית,אשכול רשויות הכנרת והעמקים,214,1.3
מגדל העמק,874,1952,2,מחוז הצפון,נפת יזרעאל,הרי נצרת-תירען,ללא שיוך למטרופולין,160,"יישוב יהודי 49,999-20,000 תושבים",עירייה,אשכול רשויות הגליל והעמקים,213,4.3
מגדל עוז,3561,1977,7,אזור יהודה ושומרון,,,"מטרופולין ירושלים, טבעת חיצונית, גזרת יישובים ישראלים ביהודה ושומרון",330,קיבוץ,גוש עציון,ללא שיוך לאשכול,0,0.1
מגדלים,3751,1983,7,אזור יהודה ושומרון,,,ללא שיוך למטרופולין,370,יישוב קהילתי,שומרון,אשכול רשויות יהודה ושומרון,710,0.1
מגידו,586,1949,2,מחוז הצפון,נפת יזרעאל,עמק יזרעאל,ללא שיוך למטרופולין,330,קיבוץ,מגידו,אשכול רשויות הגליל והעמקים,213,0.3
מגל,375,1953,3,מחוז חיפה,נפת חדרה,אזור חדרה,ללא שיוך למטרופולין,330,קיבוץ,מנשה,ללא שיוך לאשכול,0,0.5
מגן,695,1949,6,מחוז הדרום,נפת באר שבע,אזור בשור,ללא שיוך למטרופולין,330,קיבוץ,אשכול,אשכול רשויות נגב מערבי,620,0.4
מגן שאול,1155,1976,2,מחוז הצפון,נפת יזרעאל,עמק יזרעאל,ללא שיוך למטרופולין,310,מושב,הגלבוע,אשכול רשויות הגליל והעמקים,213,0.4
מגשימים,722,1949,4,מחוז המרכז,נפת פתח תקווה,אזור פתח תקווה,"מטרופולין תל אביב, טבעת תיכונה, גזרה מזרחית",310,מושב,דרום השרון,אשכול רשויות השרון,410,0.7
מדרך עוז,2029,1952,2,מחוז הצפון,נפת יזרעאל,עמק יזרעאל,ללא שיוך למטרופולין,310,מושב,מגידו,אשכול רשויות הגליל והעמקים,213,0.4
מדרשת בן גוריון,1140,1965,6,מחוז הדרום,נפת באר שבע,הר הנגב הצפוני,ללא שיוך למטרופולין,350,יישוב כפרי אחר יהודי,רמת נגב,אשכול רשויות נגב מזרחי,610,0.7
מודיעין-מכבים-רעות,1200,1986,4,מחוז המרכז,נפת רמלה,אזור רמלה,"מטרופולין תל אביב, טבעת חיצונית, גזרה מזרחית",150,"יישוב יהודי 99,999-50,000 תושבים",עירייה,ללא שיוך לאשכול,0,10.9
מודיעין עילית,3797,1996,7,אזור יהודה ושומרון,,,ללא שיוך למטרופולין,150,"יישוב יהודי 99,999-50,000 תושבים",עירייה,אשכול רשויות יהודה ושומרון,710,2.4
מולדת,269,1937,2,מחוז הצפון,נפת יזרעאל,רמת כוכב,ללא שיוך למטרופולין,320,מושב שיתופי,הגלבוע,אשכול רשויות הגליל והעמקים,213,0.5
מוצא עילית,208,1933,1,מחוז ירושלים,נפת ירושלים,הרי יהודה,"מטרופולין ירושלים, טבעת חיצונית, גזרה מערבית",350,יישוב כפרי אחר יהודי,מטה יהודה,ללא שיוך לאשכול,0,0.4
מוקייבלה,635,,2,מחוז הצפון,נפת יזרעאל,עמק יזרעאל,ללא שיוך למטרופולין,290,"יישוב לא יהודי 4,999-2,000 תושבים",הגלבוע,אשכול רשויות הגליל והעמקים,213,0.5
מורן,1163,1977,2,מחוז הצפון,נפת עכו,אזור כרמיאל,ללא שיוך למטרופולין,330,קיבוץ,משגב,אשכול רשויות בית הכרם הגלילי,210,0.2
מורשת,1178,1981,2,מחוז הצפון,נפת עכו,אזור שפרעם,"מטרופולין חיפה, טבעת חיצונית, גזרה צפונית",370,יישוב קהילתי,משגב,אשכול רשויות בית הכרם הגלילי,210,0.4
מזור,606,1949,4,מחוז המרכז,נפת פתח תקווה,אזור פתח תקווה,"מטרופולין תל אביב, טבעת חיצונית, גזרה מזרחית",310,מושב,חבל מודיעין,ללא שיוך לאשכול,0,0.6
מזכרת בתיה,28,1883,4,מחוז המרכז,נפת רחובות,אזור רחובות,"מטרופולין תל אביב, טבעת חיצונית, גזרה דרומית",170,"יישוב יהודי 19,999-10,000 תושבים",מועצה מקומית,אשכול רשויות שורק דרומי,420,2.2
מזרע,104,1923,2,מחוז הצפון,נפת יזרעאל,עמק יזרעאל,ללא שיוך למטרופולין,330,קיבוץ,עמק יזרעאל,אשכול רשויות הגליל והעמקים,213,0.5
מזרעה,517,,2,מחוז הצפון,נפת עכו,אזור נהרייה,"מטרופולין חיפה, טבעת חיצונית, גזרה צפונית",290,"יישוב לא יהודי 4,999-2,000 תושבים",מועצה מקומית,אשכול רשויות גליל מערבי,212,0.6
מחולה,3599,1968,7,אזור יהודה ושומרון,,,ללא שיוך למטרופולין,310,מושב,ערבות הירדן,אשכול רשויות יהודה ושומרון,710,0.2
מחנה יתיר,1196,1979,6,מחוז הדרום,נפת באר שבע,אזור באר שבע,ללא שיוך למטרופולין,350,יישוב כפרי אחר יהודי,חסר מעמד,ללא שיוך לאשכול,0,0
מחניים,308,1939,2,מחוז הצפון,נפת צפת,אזור חצור,ללא שיוך למטרופולין,330,קיבוץ,הגליל העליון,אשכול רשויות גליל מזרחי,211,0.4
מחסיה,776,1950,1,מחוז ירושלים,נפת ירושלים,שפלת יהודה,"מטרופולין ירושלים, טבעת חיצונית, גזרה מערבית",310,מושב,מטה יהודה,ללא שיוך לאשכול,0,0.2
מטולה,43,1896,2,מחוז הצפון,נפת צפת,עמק חולה,ללא שיוך למטרופולין,350,יישוב כפרי אחר יהודי,מועצה מקומית,אשכול רשויות גליל מזרחי,211,1
מטע,822,1950,1,מחוז ירושלים,נפת ירושלים,הרי יהודה,"מטרופולין ירושלים, טבעת חיצונית, גזרה מערבית",310,מושב,מטה יהודה,ללא שיוך לאשכול,0,0.4
מי עמי,1128,1963,3,מחוז חיפה,נפת חדרה,הר אלכסנדר,ללא שיוך למטרופולין,320,מושב שיתופי,מנשה,ללא שיוך לאשכול,0,0.2
מיטב,2054,1954,2,מחוז הצפון,נפת יזרעאל,עמק יזרעאל,ללא שיוך למטרופולין,310,מושב,הגלבוע,אשכול רשויות הגליל והעמקים,213,0.3
מייסר,649,,3,מחוז חיפה,נפת חדרה,הר אלכסנדר,ללא שיוך למטרופולין,290,"יישוב לא יהודי 4,999-2,000 תושבים",מנשה,ללא שיוך לאשכול,0,0.4
מיצר,4019,1981,2,מחוז הצפון,נפת גולן,גולן דרומי,ללא שיוך למטרופולין,310,מושב,גולן,אשכול רשויות גליל מזרחי,211,0.1
מירב,1282,1987,2,מחוז הצפון,נפת יזרעאל,עמק בית שאן,ללא שיוך למטרופולין,330,קיבוץ,עמק המעיינות,אשכול רשויות הכנרת והעמקים,214,0.3
מירון,607,1949,2,מחוז הצפון,נפת צפת,גליל עליון מזרחי,ללא שיוך למטרופולין,310,מושב,מרום הגליל,אשכול רשויות גליל מזרחי,211,0.6
מישר,731,1950,4,מחוז המרכז,נפת רחובות,אזור רחובות,"מטרופולין תל אביב, טבעת חיצונית, גזרה דרומית",310,מושב,גדרות,ללא שיוך לאשכול,0,0.4
מיתר,1268,1984,6,מחוז הדרום,נפת באר שבע,אזור באר שבע,"מטרופולין באר שבע, טבעת חיצונית, גזרה מזרחית",170,"יישוב יהודי 19,999-10,000 תושבים",מועצה מקומית,אשכול רשויות נגב מזרחי,610,3.5
מכורה,3614,1973,7,אזור יהודה ושומרון,,,ללא שיוך למטרופולין,310,מושב,ערבות הירדן,אשכול רשויות יהודה ושומרון,710,0.1
מכחול,1343,2002,6,מחוז הדרום,נפת באר שבע,אזור באר שבע,ללא שיוך למטרופולין,450,יישוב כפרי אחר לא יהודי,אל קסום,אשכול רשויות נגב מזרחי,610,0.4
מכמורת,382,1945,4,מחוז המרכז,נפת השרון,מערב השרון,"מטרופולין תל אביב, טבעת חיצונית, גזרה צפונית",310,מושב,עמק חפר,ללא שיוך לאשכול,0,0.6
מכמנים,1202,1980,2,מחוז הצפון,נפת עכו,אזור כרמיאל,ללא שיוך למטרופולין,370,יישוב קהילתי,משגב,אשכול רשויות בית הכרם הגלילי,210,0.2
מלאה,164,1956,2,מחוז הצפון,נפת יזרעאל,עמק יזרעאל,ללא שיוך למטרופולין,310,מושב,הגלבוע,אשכול רשויות הגליל והעמקים,213,0.2
מלילות,2044,1953,6,מחוז הדרום,נפת באר שבע,אזור גרר,ללא שיוך למטרופולין,310,מושב,שדות נגב,אשכול רשויות נגב מערבי,620,0.3
מלכייה,596,1949,2,מחוז הצפון,נפת צפת,גליל עליון מזרחי,ללא שיוך למטרופולין,330,קיבוץ,הגליל העליון,אשכול רשויות גליל מזרחי,211,0.4
מנוחה,2030,1953,6,מחוז הדרום,נפת אשקלון,אזור מלאכי,ללא שיוך למטרופולין,310,מושב,לכיש,ללא שיוך לאשכול,0,0.3
מנוף,1174,1980,2,מחוז הצפון,נפת עכו,אזור שפרעם,"מטרופולין חיפה, טבעת חיצונית, גזרה צפונית",310,מושב,משגב,אשכול רשויות בית הכרם הגלילי,210,0.3
מנות,1205,1980,2,מחוז הצפון,נפת עכו,אזור יחיעם,ללא שיוך למטרופולין,310,מושב,מעלה יוסף,אשכול רשויות גליל מערבי,212,0.2
מנחמיה,48,1902,2,מחוז הצפון,נפת יזרעאל,עמק בית שאן,ללא שיוך למטרופולין,350,יישוב כפרי אחר יהודי,עמק המעיינות,אשכול רשויות הכנרת והעמקים,214,0.5
מנרה,347,1943,2,מחוז הצפון,נפת צפת,גליל עליון מזרחי,ללא שיוך למטרופולין,330,קיבוץ,הגליל העליון,אשכול רשויות גליל מזרחי,211,0.1
מנשית זבדה,994,,2,מחוז הצפון,נפת יזרעאל,הרי נצרת-תירען,ללא שיוך למטרופולין,450,יישוב כפרי אחר לא יהודי,עמק יזרעאל,אשכול רשויות הגליל והעמקים,213,0.4
מסד,1258,1983,2,מחוז הצפון,נפת כנרת,גליל תחתון מזרחי,ללא שיוך למטרופולין,370,יישוב קהילתי,הגליל התחתון,אשכול רשויות הכנרת והעמקים,214,0.1
מסדה,263,1937,2,מחוז הצפון,נפת כנרת,כנרות,ללא שיוך למטרופולין,330,קיבוץ,עמק הירדן,אשכול רשויות הכנרת והעמקים,214,0.2
מסילות,298,1938,2,מחוז הצפון,נפת יזרעאל,עמק בית שאן,ללא שיוך למטרופולין,330,קיבוץ,עמק המעיינות,אשכול רשויות הכנרת והעמקים,214,0.4
מסילת ציון,742,1950,1,מחוז ירושלים,נפת ירושלים,שפלת יהודה,"מטרופולין ירושלים, טבעת חיצונית, גזרה מערבית",310,מושב,מטה יהודה,ללא שיוך לאשכול,0,0.4
מסלול,748,1950,6,מחוז הדרום,נפת באר שבע,אזור בשור,"מטרופולין באר שבע, טבעת חיצונית, גזרה מערבית",310,מושב,מרחבים,אשכול רשויות נגב מערבי,620,0.5
מסעדה,4203,,2,מחוז הצפון,נפת גולן,גולן צפוני,ללא שיוך למטרופולין,290,"יישוב לא יהודי 4,999-2,000 תושבים",מועצה מקומית,אשכול רשויות גליל מזרחי,211,1
מעברות,197,1933,4,מחוז המרכז,נפת השרון,מערב השרון,"מטרופולין תל אביב, טבעת חיצונית, גזרה צפונית",330,קיבוץ,עמק חפר,ללא שיוך לאשכול,0,0.3
מעגלים,1082,1958,6,מחוז הדרום,נפת באר שבע,אזור גרר,ללא שיוך למטרופולין,190,"יישוב יהודי 4,999-2,000 תושבים",שדות נגב,אשכול רשויות נגב מערבי,620,0.4
מעגן,678,1949,2,מחוז הצפון,נפת כנרת,כנרות,ללא שיוך למטרופולין,330,קיבוץ,עמק הירדן,אשכול רשויות הכנרת והעמקים,214,0.3
מעגן מיכאל,694,1949,3,מחוז חיפה,נפת חדרה,חוף הכרמל,ללא שיוך למטרופולין,193,"קיבוץ 4,999-2,000 תושבים",חוף הכרמל,ללא שיוך לאשכול,0,0.7
מעוז חיים,272,1937,2,מחוז הצפון,נפת יזרעאל,עמק בית שאן,ללא שיוך למטרופולין,330,קיבוץ,עמק המעיינות,אשכול רשויות הכנרת והעמקים,214,0.3
מעון,3657,1981,7,אזור יהודה ושומרון,,,ללא שיוך למטרופולין,320,מושב שיתופי,הר חברון,אשכול רשויות יהודה ושומרון,710,0.2
מעונה,570,1949,2,מחוז הצפון,נפת עכו,אזור יחיעם,ללא שיוך למטרופולין,310,מושב,מעלה יוסף,אשכול רשויות גליל מערבי,212,0.8
מעיין ברוך,416,1947,2,מחוז הצפון,נפת צפת,עמק חולה,ללא שיוך למטרופולין,330,קיבוץ,הגליל העליון,אשכול רשויות גליל מזרחי,211,0.3
מעיין צבי,290,1938,3,מחוז חיפה,נפת חדרה,אזור זכרון יעקב,ללא שיוך למטרופולין,330,קיבוץ,חוף הכרמל,ללא שיוך לאשכול,0,0.2
מעיליא,518,,2,מחוז הצפון,נפת עכו,אזור יחיעם,ללא שיוך למטרופולין,290,"יישוב לא יהודי 4,999-2,000 תושבים",מועצה מקומית,אשכול רשויות גליל מערבי,212,1.2
מעלה אדומים,3616,1975,7,אזור יהודה ושומרון,,,"מטרופולין ירושלים, טבעת חיצונית, גזרת יישובים ישראלים ביהודה ושומרון",160,"יישוב יהודי 49,999-20,000 תושבים",עירייה,ללא שיוך לאשכול,0,5.5
מעלה אפרים,3608,1970,7,אזור יהודה ושומרון,,,ללא שיוך למטרופולין,350,יישוב כפרי אחר יהודי,מועצה מקומית,ללא שיוך לאשכול,0,0.6
מעלה גלבוע,1127,1962,2,מחוז הצפון,נפת יזרעאל,עמק בית שאן,ללא שיוך למטרופולין,330,קיבוץ,עמק המעיינות,אשכול רשויות הכנרת והעמקים,214,0.3
מעלה גמלא,4008,1976,2,מחוז הצפון,נפת גולן,גולן תיכון,ללא שיוך למטרופולין,310,מושב,גולן,אשכול רשויות גליל מזרחי,211,0.4
מעלה החמישה,286,1938,1,מחוז ירושלים,נפת ירושלים,הרי יהודה,"מטרופולין ירושלים, טבעת חיצונית, גזרה מערבית",330,קיבוץ,מטה יהודה,ללא שיוך לאשכול,0,0.3
מעלה לבונה,3752,1983,7,אזור יהודה ושומרון,,,ללא שיוך למטרופולין,370,יישוב קהילתי,מטה בנימין,אשכול רשויות יהודה ושומרון,710,0.2
מעלה מכמש,3651,1981,7,אזור יהודה ושומרון,,,"מטרופולין ירושלים, טבעת חיצונית, גזרת יישובים ישראלים ביהודה ושומרון",370,יישוב קהילתי,מטה בנימין,אשכול רשויות יהודה ושומרון,710,0.3
מעלה עירון,1327,,3,מחוז חיפה,נפת חדרה,הר אלכסנדר,ללא שיוך למטרופולין,270,"יישוב לא יהודי 19,999-10,000 תושבים",מועצה מקומית,ללא שיוך לאשכול,0,3.2
מעלה עמוס,3653,1981,7,אזור יהודה ושומרון,,,ללא שיוך למטרופולין,370,יישוב קהילתי,גוש עציון,ללא שיוך לאשכול,0,0.1
מעלות-תרשיחא,1063,1957,2,מחוז הצפון,נפת עכו,אזור יחיעם,ללא שיוך למטרופולין,160,"יישוב יהודי 49,999-20,000 תושבים",עירייה,אשכול רשויות גליל מערבי,212,4.1
מענית,344,1942,3,מחוז חיפה,נפת חדרה,אזור חדרה,ללא שיוך למטרופולין,330,קיבוץ,מנשה,ללא שיוך לאשכול,0,0.3
מעש,230,1935,4,מחוז המרכז,נפת פתח תקווה,אזור פתח תקווה,"מטרופולין תל אביב, טבעת תיכונה, גזרה מזרחית",310,מושב,דרום השרון,אשכול רשויות השרון,410,0.6
מפלסים,668,1949,6,מחוז הדרום,נפת אשקלון,אזור אשקלון,ללא שיוך למטרופולין,330,קיבוץ,שער הנגב,אשכול רשויות נגב מערבי,620,0.4
מצדות יהודה,3745,1983,7,אזור יהודה ושומרון,,,ללא שיוך למטרופולין,320,מושב שיתופי,הר חברון,אשכול רשויות יהודה ושומרון,710,0.2
מצובה,325,1940,2,מחוז הצפון,נפת עכו,אזור אילון,ללא שיוך למטרופולין,330,קיבוץ,מטה אשר,אשכול רשויות גליל מערבי,212,0.3
מצליח,757,1950,4,מחוז המרכז,נפת רמלה,אזור מודיעין,"מטרופולין תל אביב, טבעת חיצונית, גזרה דרומית",310,מושב,גזר,ללא שיוך לאשכול,0,0.7
מצפה,58,1908,2,מחוז הצפון,נפת כנרת,גליל תחתון מזרחי,ללא שיוך למטרופולין,350,יישוב כפרי אחר יהודי,הגליל התחתון,אשכול רשויות הכנרת והעמקים,214,0.1
"מצפה אבי""ב",1222,1981,2,מחוז הצפון,נפת עכו,אזור שפרעם,"מטרופולין חיפה, טבעת חיצונית, גזרה צפונית",370,יישוב קהילתי,משגב,אשכול רשויות בית הכרם הגלילי,210,0.3
מצפה אילן,1370,2009,3,מחוז חיפה,נפת חדרה,הר אלכסנדר,ללא שיוך למטרופולין,370,יישוב קהילתי,מנשה,ללא שיוך לאשכול,0,0.2
מצפה יריחו,3576,1978,7,אזור יהודה ושומרון,,,"מטרופולין ירושלים, טבעת חיצונית, גזרת יישובים ישראלים ביהודה ושומרון",190,"יישוב יהודי 4,999-2,000 תושבים",מטה בנימין,אשכול רשויות יהודה ושומרון,710,0.3
מצפה נטופה,1190,1979,2,מחוז הצפון,נפת יזרעאל,הרי נצרת-תירען,ללא שיוך למטרופולין,370,יישוב קהילתי,הגליל התחתון,אשכול רשויות הכנרת והעמקים,214,0.2
מצפה רמון,99,1954,6,מחוז הדרום,נפת באר שבע,הר הנגב הצפוני,ללא שיוך למטרופולין,180,"יישוב יהודי 9,999-5,000 תושבים",מועצה מקומית,אשכול רשויות נגב מזרחי,610,2.2
מצפה שלם,3610,1971,7,אזור יהודה ושומרון,,,ללא שיוך למטרופולין,330,קיבוץ,מגילות ים המלח,אשכול רשויות יהודה ושומרון,710,0.1
מצר,648,1953,3,מחוז חיפה,נפת חדרה,אזור חדרה,ללא שיוך למטרופולין,330,קיבוץ,מנשה,ללא שיוך לאשכול,0,0.2
מרגליות,843,1951,2,מחוז הצפון,נפת צפת,גליל עליון מזרחי,ללא שיוך למטרופולין,310,מושב,מבואות החרמון,אשכול רשויות גליל מזרחי,211,0.3
מרום גולן,4101,1967,2,מחוז הצפון,נפת גולן,גולן צפוני,ללא שיוך למטרופולין,330,קיבוץ,גולן,אשכול רשויות גליל מזרחי,211,0.4
מרחב עם,1340,2002,6,מחוז הדרום,נפת באר שבע,הר הנגב הצפוני,ללא שיוך למטרופולין,370,יישוב קהילתי,רמת נגב,אשכול רשויות נגב מזרחי,610,0.1
מרחביה (מושב),97,1922,2,מחוז הצפון,נפת יזרעאל,עמק יזרעאל,ללא שיוך למטרופולין,310,מושב,עמק יזרעאל,אשכול רשויות הגליל והעמקים,213,0.4
מרחביה (קיבוץ),66,1911,2,מחוז הצפון,נפת יזרעאל,עמק יזרעאל,ללא שיוך למטרופולין,330,קיבוץ,עמק יזרעאל,אשכול רשויות הגליל והעמקים,213,0.4
מרכז שפירא,1098,1948,6,מחוז הדרום,נפת אשקלון,אזור מלאכי,ללא שיוך למטרופולין,190,"יישוב יהודי 4,999-2,000 תושבים",שפיר,ללא שיוך לאשכול,0,0.4
משאבי שדה,421,1949,6,מחוז הדרום,נפת באר שבע,הר הנגב הצפוני,ללא שיוך למטרופולין,330,קיבוץ,רמת נגב,אשכול רשויות נגב מזרחי,610,0.3
משגב דב,765,1950,4,מחוז המרכז,נפת רחובות,אזור רחובות,"מטרופולין תל אביב, טבעת חיצונית, גזרה דרומית",310,מושב,גדרות,ללא שיוך לאשכול,0,0.6
משגב עם,378,1945,2,מחוז הצפון,נפת צפת,גליל עליון מזרחי,ללא שיוך למטרופולין,330,קיבוץ,הגליל העליון,אשכול רשויות גליל מזרחי,211,0.1
משהד,520,,2,מחוז הצפון,נפת יזרעאל,הרי נצרת-תירען,ללא שיוך למטרופולין,280,"יישוב לא יהודי 9,999-5,000 תושבים",מועצה מקומית,אשכול רשויות הגליל והעמקים,213,1.4
משואה,3605,1970,7,אזור יהודה ושומרון,,,ללא שיוך למטרופולין,310,מושב,ערבות הירדן,אשכול רשויות יהודה ושומרון,710,0.1
משואות יצחק,620,1949,6,מחוז הדרום,נפת אשקלון,אזור מלאכי,ללא שיוך למטרופולין,320,מושב שיתופי,שפיר,ללא שיוך לאשכול,0,0.3
משכיות,3785,1986,7,אזור יהודה ושומרון,,,ללא שיוך למטרופולין,370,יישוב קהילתי,ערבות הירדן,אשכול רשויות יהודה ושומרון,710,0
משמר איילון,670,1949,4,מחוז המרכז,נפת רמלה,אזור מודיעין,"מטרופולין תל אביב, טבעת חיצונית, גזרה דרומית",310,מושב,גזר,ללא שיוך לאשכול,0,0.5
משמר דוד,563,1948,4,מחוז המרכז,נפת רמלה,אזור מודיעין,"מטרופולין תל אביב, טבעת חיצונית, גזרה דרומית",330,קיבוץ,גזר,ללא שיוך לאשכול,0,0.2
משמר הירדן,732,1949,2,מחוז הצפון,נפת צפת,אזור חצור,ללא שיוך למטרופולין,310,מושב,מבואות החרמון,אשכול רשויות גליל מזרחי,211,0.5
משמר הנגב,395,1946,6,מחוז הדרום,נפת באר שבע,אזור גרר,"מטרופולין באר שבע, טבעת חיצונית, גזרה צפונית",330,קיבוץ,בני שמעון,אשכול רשויות נגב מערבי,620,0.4
משמר העמק,130,1926,2,מחוז הצפון,נפת יזרעאל,עמק יזרעאל,ללא שיוך למטרופולין,330,קיבוץ,מגידו,אשכול רשויות הגליל והעמקים,213,0.5
משמר השבעה,729,1949,4,מחוז המרכז,נפת רמלה,אזור מודיעין,"מטרופולין תל אביב, טבעת תיכונה, גזרה דרומית",310,מושב,שדות דן,ללא שיוך לאשכול,0,0.9
משמר השרון,194,1933,4,מחוז המרכז,נפת השרון,מערב השרון,"מטרופולין תל אביב, טבעת חיצונית, גזרה צפונית",330,קיבוץ,עמק חפר,ללא שיוך לאשכול,0,0.3
משמרות,213,1933,3,מחוז חיפה,נפת חדרה,אזור חדרה,ללא שיוך למטרופולין,330,קיבוץ,מנשה,ללא שיוך לאשכול,0,0.4
משמרת,425,1946,4,מחוז המרכז,נפת השרון,מערב השרון,"מטרופולין תל אביב, טבעת חיצונית, גזרה צפונית",310,מושב,לב השרון,אשכול רשויות השרון,410,0.5
משען,791,1950,6,מחוז הדרום,נפת אשקלון,אזור אשקלון,ללא שיוך למטרופולין,310,מושב,חוף אשקלון,אשכול רשויות נגב מערבי,620,0.5
מתן,1315,1995,4,מחוז המרכז,נפת פתח תקווה,דרום השרון,"מטרופולין תל אביב, טבעת חיצונית, גזרה מזרחית",190,"יישוב יהודי 4,999-2,000 תושבים",דרום השרון,אשכול רשויות השרון,410,0.6
מתת,1184,1979,2,מחוז הצפון,נפת עכו,אזור אילון,ללא שיוך למטרופולין,370,יישוב קהילתי,מעלה יוסף,אשכול רשויות גליל מערבי,212,0.2
מתתיהו,3648,1981,7,אזור יהודה ושומרון,,,ללא שיוך למטרופולין,320,מושב שיתופי,מטה בנימין,אשכול רשויות יהודה ושומרון,710,0.3
נאות גולן,4551,1967,2,מחוז הצפון,נפת גולן,גולן דרומי,ללא שיוך למטרופולין,310,מושב,גולן,אשכול רשויות גליל מזרחי,211,0.3
נאות הכיכר,1124,1961,6,מחוז הדרום,נפת באר שבע,אזור ים המלח,ללא שיוך למטרופולין,310,מושב,תמר,ללא שיוך לאשכול,0,0.2
נאות מרדכי,408,1946,2,מחוז הצפון,נפת צפת,עמק חולה,ללא שיוך למטרופולין,330,קיבוץ,הגליל העליון,אשכול רשויות גליל מזרחי,211,0.3
נאות סמדר,1197,1982,6,מחוז הדרום,נפת באר שבע,הר הנגב הדרומי,ללא שיוך למטרופולין,330,קיבוץ,חבל אילות,אשכול רשויות נגב מזרחי,610,0.2
נאעורה,524,,2,מחוז הצפון,נפת יזרעאל,רמת כוכב,ללא שיוך למטרופולין,290,"יישוב לא יהודי 4,999-2,000 תושבים",הגלבוע,אשכול רשויות הגליל והעמקים,213,0.6
נבטים,396,1946,6,מחוז הדרום,נפת באר שבע,אזור באר שבע,"מטרופולין באר שבע, טבעת חיצונית, גזרה מזרחית",310,מושב,בני שמעון,אשכול רשויות נגב מערבי,620,0.7
נגבה,315,1939,6,מחוז הדרום,נפת אשקלון,אזור מלאכי,ללא שיוך למטרופולין,330,קיבוץ,יואב,אשכול רשויות שורק דרומי,420,0.4
נגוהות,3724,1999,7,אזור יהודה ושומרון,,,ללא שיוך למטרופולין,370,יישוב קהילתי,הר חברון,אשכול רשויות יהודה ושומרון,710,0.1
נהורה,309,1956,6,מחוז הדרום,נפת אשקלון,אזור לכיש,ללא שיוך למטרופולין,350,יישוב כפרי אחר יהודי,לכיש,ללא שיוך לאשכול,0,0.5
נהלל,80,1921,2,מחוז הצפון,נפת יזרעאל,עמק יזרעאל,ללא שיוך למטרופולין,310,מושב,עמק יזרעאל,אשכול רשויות הגליל והעמקים,213,0.6
נהרייה,9100,1934,2,מחוז הצפון,נפת עכו,אזור נהרייה,"מטרופולין חיפה, טבעת חיצונית, גזרה צפונית",150,"יישוב יהודי 99,999-50,000 תושבים",עירייה,אשכול רשויות גליל מערבי,212,7
נוב,4304,1973,2,מחוז הצפון,נפת גולן,גולן דרומי,ללא שיוך למטרופולין,310,מושב,גולן,אשכול רשויות גליל מזרחי,211,0.5
נוגה,55,1955,6,מחוז הדרום,נפת אשקלון,אזור לכיש,ללא שיוך למטרופולין,310,מושב,לכיש,ללא שיוך לאשכול,0,0.4
נווה,1366,2010,6,מחוז הדרום,נפת באר שבע,אזור בשור,ללא שיוך למטרופולין,310,מושב,אשכול,אשכול רשויות נגב מערבי,620,0.3
נווה אור,590,1949,2,מחוז הצפון,נפת יזרעאל,עמק בית שאן,ללא שיוך למטרופולין,330,קיבוץ,עמק המעיינות,אשכול רשויות הכנרת והעמקים,214,0.2
"נווה אטי""ב",4303,1972,2,מחוז הצפון,נפת גולן,אזור החרמון,ללא שיוך למטרופולין,310,מושב,גולן,אשכול רשויות גליל מזרחי,211,0.2
נווה אילן,405,1946,1,מחוז ירושלים,נפת ירושלים,הרי יהודה,"מטרופולין ירושלים, טבעת חיצונית, גזרה מערבית",320,מושב שיתופי,מטה יהודה,ללא שיוך לאשכול,0,0.2
נווה איתן,296,1938,2,מחוז הצפון,נפת יזרעאל,עמק בית שאן,ללא שיוך למטרופולין,330,קיבוץ,עמק המעיינות,אשכול רשויות הכנרת והעמקים,214,0.2
נווה דניאל,3725,1982,7,אזור יהודה ושומרון,,,"מטרופולין ירושלים, טבעת חיצונית, גזרת יישובים ישראלים ביהודה ושומרון",190,"יישוב יהודי 4,999-2,000 תושבים",גוש עציון,ללא שיוך לאשכול,0,0.3
נווה זוהר,1057,1972,6,מחוז הדרום,נפת באר שבע,אזור ים המלח,ללא שיוך למטרופולין,350,יישוב כפרי אחר יהודי,תמר,ללא שיוך לאשכול,0,0.1
נווה זיו,1314,2000,2,מחוז הצפון,נפת עכו,אזור יחיעם,ללא שיוך למטרופולין,370,יישוב קהילתי,מעלה יוסף,אשכול רשויות גליל מערבי,212,0.2
נווה חריף,1279,1987,6,מחוז הדרום,נפת באר שבע,הר הנגב הדרומי,ללא שיוך למטרופולין,330,קיבוץ,חבל אילות,אשכול רשויות נגב מזרחי,610,0.1
נווה ים,312,1939,3,מחוז חיפה,נפת חדרה,חוף הכרמל,"מטרופולין חיפה, טבעת פנימית, גזרה דרומית",330,קיבוץ,חוף הכרמל,ללא שיוך לאשכול,0,0.2
נווה ימין,686,1949,4,מחוז המרכז,נפת פתח תקווה,דרום השרון,"מטרופולין תל אביב, טבעת חיצונית, גזרה מזרחית",310,מושב,דרום השרון,אשכול רשויות השרון,410,0.7
נווה ירק,858,1951,4,מחוז המרכז,נפת פתח תקווה,דרום השרון,"מטרופולין תל אביב, טבעת חיצונית, גזרה מזרחית",310,מושב,דרום השרון,אשכול רשויות השרון,410,0.5
נווה מבטח,827,1950,6,מחוז הדרום,נפת אשקלון,אזור מלאכי,"מטרופולין תל אביב, טבעת חיצונית, גזרה דרומית",310,מושב,באר טוביה,אשכול רשויות שורק דרומי,420,0.4
נווה מיכאל,1071,1958,1,מחוז ירושלים,נפת ירושלים,שפלת יהודה,"מטרופולין ירושלים, טבעת חיצונית, גזרה מערבית",310,מושב,מטה יהודה,ללא שיוך לאשכול,0,0.3
נווה צוף,3573,1977,7,אזור יהודה ושומרון,,,"מטרופולין תל אביב, טבעת חיצונית, גזרת יישובים ישראלים ביהודה ושומרון",370,יישוב קהילתי,מטה בנימין,אשכול רשויות יהודה ושומרון,710,0.4
נווה שלום,1259,1983,1,מחוז ירושלים,נפת ירושלים,שפלת יהודה,"מטרופולין ירושלים, טבעת חיצונית, גזרה מערבית",350,יישוב כפרי אחר יהודי,מטה יהודה,ללא שיוך לאשכול,0,0.2
נועם,15,1955,6,מחוז הדרום,נפת אשקלון,אזור לכיש,ללא שיוך למטרופולין,310,מושב,שפיר,ללא שיוך לאשכול,0,0.4
נוף איילון,1333,1994,4,מחוז המרכז,נפת רמלה,אזור רמלה,"מטרופולין תל אביב, טבעת חיצונית, גזרה דרומית",190,"יישוב יהודי 4,999-2,000 תושבים",גזר,ללא שיוך לאשכול,0,0.3
נוף הגליל,1061,1957,2,מחוז הצפון,נפת יזרעאל,הרי נצרת-תירען,ללא שיוך למטרופולין,160,"יישוב יהודי 49,999-20,000 תושבים",עירייה,אשכול רשויות הגליל והעמקים,213,6
נופים,3790,1987,7,אזור יהודה ושומרון,,,"מטרופולין תל אביב, טבעת חיצונית, גזרת יישובים ישראלים ביהודה ושומרון",350,יישוב כפרי אחר יהודי,שומרון,אשכול רשויות יהודה ושומרון,710,0.3
נופית,1284,1987,3,מחוז חיפה,נפת חיפה,אזור חיפה,"מטרופולין חיפה, טבעת פנימית, גזרה מזרחית",190,"יישוב יהודי 4,999-2,000 תושבים",זבולון,אשכול רשויות המפרץ,310,0.6
נופך,257,1949,4,מחוז המרכז,נפת פתח תקווה,אזור פתח תקווה,"מטרופולין תל אביב, טבעת חיצונית, גזרה מזרחית",370,יישוב קהילתי,חבל מודיעין,ללא שיוך לאשכול,0,0.1
נוקדים,3726,1982,7,אזור יהודה ושומרון,,,"מטרופולין ירושלים, טבעת חיצונית, גזרת יישובים ישראלים ביהודה ושומרון",190,"יישוב יהודי 4,999-2,000 תושבים",גוש עציון,ללא שיוך לאשכול,0,0.5
נורדייה,447,1948,4,מחוז המרכז,נפת השרון,מערב השרון,"מטרופולין תל אביב, טבעת חיצונית, גזרה צפונית",320,מושב שיתופי,לב השרון,אשכול רשויות השרון,410,0.5
נורית,833,1950,2,מחוז הצפון,נפת יזרעאל,עמק חרוד,ללא שיוך למטרופולין,370,יישוב קהילתי,הגלבוע,אשכול רשויות הגליל והעמקים,213,0.1
נחושה,59,1982,1,מחוז ירושלים,נפת ירושלים,שפלת יהודה,"מטרופולין ירושלים, טבעת חיצונית, גזרה מערבית",310,מושב,מטה יהודה,ללא שיוך לאשכול,0,0.3
נחל עוז,844,1951,6,מחוז הדרום,נפת אשקלון,אזור אשקלון,ללא שיוך למטרופולין,330,קיבוץ,שער הנגב,אשכול רשויות נגב מערבי,620,0.2
נחלה,2045,1953,6,מחוז הדרום,נפת אשקלון,אזור מלאכי,ללא שיוך למטרופולין,310,מושב,יואב,אשכול רשויות שורק דרומי,420,0.3
נחליאל,3767,1984,7,אזור יהודה ושומרון,,,ללא שיוך למטרופולין,370,יישוב קהילתי,מטה בנימין,אשכול רשויות יהודה ושומרון,710,0.1
נחלים,449,1948,4,מחוז המרכז,נפת פתח תקווה,אזור פתח תקווה,"מטרופולין תל אביב, טבעת חיצונית, גזרה מזרחית",310,מושב,חבל מודיעין,ללא שיוך לאשכול,0,0.8
נחם,809,1950,1,מחוז ירושלים,נפת ירושלים,שפלת יהודה,"מטרופולין ירושלים, טבעת חיצונית, גזרה מערבית",310,מושב,מטה יהודה,ללא שיוך לאשכול,0,0.4
נחף,522,,2,מחוז הצפון,נפת עכו,אזור כרמיאל,ללא שיוך למטרופולין,270,"יישוב לא יהודי 19,999-10,000 תושבים",מועצה מקומית,אשכול רשויות בית הכרם הגלילי,210,1.9
נחשולים,433,1948,3,מחוז חיפה,נפת חדרה,חוף הכרמל,"מטרופולין חיפה, טבעת חיצונית, גזרה דרומית",330,קיבוץ,חוף הכרמל,ללא שיוך לאשכול,0,0.3
נחשון,777,1950,1,מחוז ירושלים,נפת ירושלים,שפלת יהודה,ללא שיוך למטרופולין,330,קיבוץ,מטה יהודה,ללא שיוך לאשכול,0,0.2
נחשונים,705,1949,4,מחוז המרכז,נפת פתח תקווה,אזור פתח תקווה,"מטרופולין תל אביב, טבעת חיצונית, גזרה מזרחית",330,קיבוץ,דרום השרון,אשכול רשויות השרון,410,0.3
נטועה,1147,1966,2,מחוז הצפון,נפת עכו,אזור אילון,ללא שיוך למטרופולין,310,מושב,מעלה יוסף,אשכול רשויות גליל מערבי,212,0.4
נטור,4014,1980,2,מחוז הצפון,נפת גולן,גולן דרומי,ללא שיוך למטרופולין,310,מושב,גולן,אשכול רשויות גליל מזרחי,211,0.2
נטע,1369,2012,6,מחוז הדרום,נפת אשקלון,אזור לכיש,ללא שיוך למטרופולין,370,יישוב קהילתי,לכיש,ללא שיוך לאשכול,0,0.1
נטעים,174,1932,4,מחוז המרכז,נפת רחובות,אזור ראשון לציון,"מטרופולין תל אביב, טבעת חיצונית, גזרה דרומית",310,מושב,גן רווה,ללא שיוך לאשכול,0,0.2
נטף,1254,1982,1,מחוז ירושלים,נפת ירושלים,הרי יהודה,"מטרופולין ירושלים, טבעת חיצונית, גזרה מערבית",370,יישוב קהילתי,מטה יהודה,ללא שיוך לאשכול,0,0.2
ניין,523,,2,מחוז הצפון,נפת יזרעאל,רמת כוכב,ללא שיוך למטרופולין,450,יישוב כפרי אחר לא יהודי,בוסתן אל-מרג',אשכול רשויות הגליל והעמקים,213,0.5
"ניל""י",3655,1981,7,אזור יהודה ושומרון,,,"מטרופולין תל אביב, טבעת חיצונית, גזרת יישובים ישראלים ביהודה ושומרון",370,יישוב קהילתי,מטה בנימין,אשכול רשויות יהודה ושומרון,710,0.4
ניצן,351,1949,6,מחוז הדרום,נפת אשקלון,אזור אשקלון,ללא שיוך למטרופולין,190,"יישוב יהודי 4,999-2,000 תושבים",חוף אשקלון,אשכול רשויות נגב מערבי,620,0.6
ניצן ב',1419,2007,6,מחוז הדרום,נפת אשקלון,אזור אשקלון,ללא שיוך למטרופולין,350,יישוב כפרי אחר יהודי,חוף אשקלון,אשכול רשויות נגב מערבי,620,0.4
ניצני סיני,1280,1986,6,מחוז הדרום,נפת באר שבע,הר הנגב הצפוני,ללא שיוך למטרופולין,310,מושב,רמת נגב,אשכול רשויות נגב מזרחי,610,0.2
ניצני עוז,851,1951,4,מחוז המרכז,נפת השרון,מזרח השרון,"מטרופולין תל אביב, טבעת חיצונית, גזרה צפונית",310,מושב,לב השרון,אשכול רשויות השרון,410,0.5
ניצנים,359,1943,6,מחוז הדרום,נפת אשקלון,אזור אשקלון,ללא שיוך למטרופולין,330,קיבוץ,חוף אשקלון,אשכול רשויות נגב מערבי,620,0.3
ניר אליהו,808,1950,4,מחוז המרכז,נפת פתח תקווה,דרום השרון,"מטרופולין תל אביב, טבעת חיצונית, גזרה צפונית",330,קיבוץ,דרום השרון,אשכול רשויות השרון,410,0.3
ניר בנים,553,1954,6,מחוז הדרום,נפת אשקלון,אזור מלאכי,"מטרופולין תל אביב, טבעת חיצונית, גזרה דרומית",310,מושב,באר טוביה,אשכול רשויות שורק דרומי,420,0.4
ניר גלים,720,1949,4,מחוז המרכז,נפת רחובות,אזור רחובות,"מטרופולין תל אביב, טבעת חיצונית, גזרה דרומית",320,מושב שיתופי,חבל יבנה,אשכול רשויות שורק דרומי,420,0.3
ניר דוד (תל עמל),256,1936,2,מחוז הצפון,נפת יזרעאל,עמק בית שאן,ללא שיוך למטרופולין,330,קיבוץ,עמק המעיינות,אשכול רשויות הכנרת והעמקים,214,0.4
"ניר ח""ן",11,1955,6,מחוז הדרום,נפת אשקלון,אזור לכיש,ללא שיוך למטרופולין,310,מושב,לכיש,ללא שיוך לאשכול,0,0.4
ניר יפה,165,1956,2,מחוז הצפון,נפת יזרעאל,עמק יזרעאל,ללא שיוך למטרופולין,310,מושב,הגלבוע,אשכול רשויות הגליל והעמקים,213,0.4
ניר יצחק,402,1949,6,מחוז הדרום,נפת באר שבע,אזור בשור,ללא שיוך למטרופולין,330,קיבוץ,אשכול,אשכול רשויות נגב מערבי,620,0.4
ניר ישראל,699,1949,6,מחוז הדרום,נפת אשקלון,אזור אשקלון,ללא שיוך למטרופולין,310,מושב,חוף אשקלון,אשכול רשויות נגב מערבי,620,0.5
ניר משה,2047,1953,6,מחוז הדרום,נפת באר שבע,אזור גרר,ללא שיוך למטרופולין,310,מושב,מרחבים,אשכול רשויות נגב מערבי,620,0.3
ניר עוז,69,1955,6,מחוז הדרום,נפת באר שבע,אזור בשור,ללא שיוך למטרופולין,330,קיבוץ,אשכול,אשכול רשויות נגב מערבי,620,0.3
ניר עם,348,1943,6,מחוז הדרום,נפת אשקלון,אזור אשקלון,ללא שיוך למטרופולין,330,קיבוץ,שער הנגב,אשכול רשויות נגב מערבי,620,0.2
ניר עציון,769,1950,3,מחוז חיפה,נפת חדרה,אזור זכרון יעקב,"מטרופולין חיפה, טבעת חיצונית, גזרה דרומית",320,מושב שיתופי,חוף הכרמל,ללא שיוך לאשכול,0,0.3
ניר עקיבא,2048,1953,6,מחוז הדרום,נפת באר שבע,אזור גרר,ללא שיוך למטרופולין,310,מושב,מרחבים,אשכול רשויות נגב מערבי,620,0.4
ניר צבי,331,1954,4,מחוז המרכז,נפת רמלה,אזור מודיעין,"מטרופולין תל אביב, טבעת תיכונה, גזרה דרומית",310,מושב,שדות דן,ללא שיוך לאשכול,0,0.8
נירים,602,1949,6,מחוז הדרום,נפת באר שבע,אזור בשור,ללא שיוך למטרופולין,330,קיבוץ,אשכול,אשכול רשויות נגב מערבי,620,0.3
נירית,1236,1982,4,מחוז המרכז,נפת פתח תקווה,דרום השרון,"מטרופולין תל אביב, טבעת חיצונית, גזרה מזרחית",370,יישוב קהילתי,דרום השרון,אשכול רשויות השרון,410,0.3
נס הרים,825,1950,1,מחוז ירושלים,נפת ירושלים,הרי יהודה,"מטרופולין ירושלים, טבעת חיצונית, גזרה מערבית",310,מושב,מטה יהודה,ללא שיוך לאשכול,0,0.4
נס עמים,1143,1964,2,מחוז הצפון,נפת עכו,אזור נהרייה,ללא שיוך למטרופולין,350,יישוב כפרי אחר יהודי,מטה אשר,אשכול רשויות גליל מערבי,212,0.2
נס ציונה,7200,1883,4,מחוז המרכז,נפת רחובות,אזור ראשון לציון,"מטרופולין תל אביב, טבעת תיכונה, גזרה דרומית",150,"יישוב יהודי 99,999-50,000 תושבים",עירייה,ללא שיוך לאשכול,0,6.1
נעלה,3787,1988,7,אזור יהודה ושומרון,,,"מטרופולין תל אביב, טבעת חיצונית, גזרת יישובים ישראלים ביהודה ושומרון",190,"יישוב יהודי 4,999-2,000 תושבים",מטה בנימין,אשכול רשויות יהודה ושומרון,710,0.5
"נעמ""ה",3713,1982,7,אזור יהודה ושומרון,,,ללא שיוך למטרופולין,310,מושב,ערבות הירדן,אשכול רשויות יהודה ושומרון,710,0.1
נען,158,1930,4,מחוז המרכז,נפת רמלה,אזור מודיעין,"מטרופולין תל אביב, טבעת חיצונית, גזרה דרומית",330,קיבוץ,גזר,ללא שיוך לאשכול,0,0.6
נערן,3620,1977,7,אזור יהודה ושומרון,,,ללא שיוך למטרופולין,330,קיבוץ,ערבות הירדן,אשכול רשויות יהודה ושומרון,710,0.1
נצר חזני,1372,2010,4,מחוז המרכז,נפת רחובות,אזור רחובות,"מטרופולין תל אביב, טבעת חיצונית, גזרה דרומית",310,מושב,נחל שורק,אשכול רשויות שורק דרומי,420,0.2
נצר סרני,435,1948,4,מחוז המרכז,נפת רמלה,אזור מודיעין,"מטרופולין תל אביב, טבעת חיצונית, גזרה דרומית",330,קיבוץ,גזר,ללא שיוך לאשכול,0,0.4
נצרת,7300,,2,מחוז הצפון,נפת יזרעאל,הרי נצרת-תירען,ללא שיוך למטרופולין,250,"יישוב לא יהודי 99,999-50,000 תושבים",עירייה,אשכול רשויות הגליל והעמקים,213,8
נשר,2500,1925,3,מחוז חיפה,נפת חיפה,אזור חיפה,"מטרופולין חיפה, טבעת פנימית, גזרה דרומית",160,"יישוב יהודי 49,999-20,000 תושבים",עירייה,ללא שיוך לאשכול,0,3.4
נתיב הגדוד,3555,1976,7,אזור יהודה ושומרון,,,ללא שיוך למטרופולין,310,מושב,ערבות הירדן,אשכול רשויות יהודה ושומרון,710,0.2
"נתיב הל""ה",693,1949,1,מחוז ירושלים,נפת ירושלים,שפלת יהודה,"מטרופולין ירושלים, טבעת חיצונית, גזרה מערבית",330,קיבוץ,מטה יהודה,ללא שיוך לאשכול,0,0.3
נתיב העשרה,1242,1982,6,מחוז הדרום,נפת אשקלון,אזור אשקלון,ללא שיוך למטרופולין,310,מושב,חוף אשקלון,אשכול רשויות נגב מערבי,620,0.4
נתיב השיירה,792,1950,2,מחוז הצפון,נפת עכו,אזור נהרייה,ללא שיוך למטרופולין,310,מושב,מטה אשר,אשכול רשויות גליל מערבי,212,0.5
נתיבות,246,1956,6,מחוז הדרום,נפת באר שבע,אזור גרר,ללא שיוך למטרופולין,160,"יישוב יהודי 49,999-20,000 תושבים",עירייה,אשכול רשויות נגב מערבי,620,5.2
נתניה,7400,1929,4,מחוז המרכז,נפת השרון,מערב השרון,"מטרופולין תל אביב, טבעת חיצונית, גזרה צפונית",130,"יישוב יהודי 499,999-200,000 תושבים",עירייה,ללא שיוך לאשכול,0,18.4
סאג'ור,525,,2,מחוז הצפון,נפת עכו,אזור כרמיאל,ללא שיוך למטרופולין,290,"יישוב לא יהודי 4,999-2,000 תושבים",מועצה מקומית,ללא שיוך לאשכול,0,1.1
סאסא,578,1949,2,מחוז הצפון,נפת עכו,אזור אילון,ללא שיוך למטרופולין,330,קיבוץ,הגליל העליון,אשכול רשויות גליל מזרחי,211,0.3
סביון,587,1951,4,מחוז המרכז,נפת פתח תקווה,אזור פתח תקווה,"מטרופולין תל אביב, טבעת תיכונה, גזרה מזרחית",190,"יישוב יהודי 4,999-2,000 תושבים",מועצה מקומית,ללא שיוך לאשכול,0,3
סגולה,2046,1953,6,מחוז הדרום,נפת אשקלון,אזור מלאכי,ללא שיוך למטרופולין,310,מושב,יואב,אשכול רשויות שורק דרומי,420,0.4
סואעד (חמרייה)*,942,,2,מחוז הצפון,נפת יזרעאל,הרי נצרת-תירען,"מטרופולין חיפה, טבעת חיצונית, גזרה מזרחית",450,יישוב כפרי אחר לא יהודי,עמק יזרעאל,אשכול רשויות הגליל והעמקים,213,0.1
סולם,526,,2,מחוז הצפון,נפת יזרעאל,עמק יזרעאל,ללא שיוך למטרופולין,290,"יישוב לא יהודי 4,999-2,000 תושבים",בוסתן אל-מרג',אשכול רשויות הגליל והעמקים,213,0.4
סוסיה,3756,1983,7,אזור יהודה ושומרון,,,ללא שיוך למטרופולין,370,יישוב קהילתי,הר חברון,אשכול רשויות יהודה ושומרון,710,0.3
סופה,1238,1975,6,מחוז הדרום,נפת באר שבע,אזור בשור,ללא שיוך למטרופולין,330,קיבוץ,אשכול,אשכול רשויות נגב מערבי,620,0.1
סח'נין,7500,,2,מחוז הצפון,נפת עכו,אזור שפרעם,ללא שיוך למטרופולין,260,"יישוב לא יהודי 49,999-20,000 תושבים",עירייה,ללא שיוך לאשכול,0,5.1
סלמה,1245,,2,מחוז הצפון,נפת עכו,אזור כרמיאל,ללא שיוך למטרופולין,290,"יישוב לא יהודי 4,999-2,000 תושבים",משגב,אשכול רשויות בית הכרם הגלילי,210,0.9
סלעית,3567,1977,7,אזור יהודה ושומרון,,,"מטרופולין תל אביב, טבעת חיצונית, גזרת יישובים ישראלים ביהודה ושומרון",310,מושב,שומרון,אשכול רשויות יהודה ושומרון,710,0.5
סמר,1156,1976,6,מחוז הדרום,נפת באר שבע,אזור הערבה,ללא שיוך למטרופולין,330,קיבוץ,חבל אילות,אשכול רשויות נגב מזרחי,610,0.1
סנסנה,3777,2013,7,אזור יהודה ושומרון,,,ללא שיוך למטרופולין,370,יישוב קהילתי,הר חברון,אשכול רשויות יהודה ושומרון,710,0.2
סעד,419,1947,6,מחוז הדרום,נפת באר שבע,אזור גרר,ללא שיוך למטרופולין,330,קיבוץ,שדות נגב,אשכול רשויות נגב מערבי,620,0.4
סעוה,1360,2006,6,מחוז הדרום,נפת באר שבע,אזור באר שבע,ללא שיוך למטרופולין,290,"יישוב לא יהודי 4,999-2,000 תושבים",אל קסום,אשכול רשויות נגב מזרחי,610,1.4
סער,454,1948,2,מחוז הצפון,נפת עכו,אזור נהרייה,"מטרופולין חיפה, טבעת חיצונית, גזרה צפונית",330,קיבוץ,מטה אשר,אשכול רשויות גליל מערבי,212,0.4
ספיר,1176,1979,6,מחוז הדרום,נפת באר שבע,אזור הערבה,ללא שיוך למטרופולין,350,יישוב כפרי אחר יהודי,הערבה התיכונה,אשכול רשויות נגב מזרחי,610,0.2
סתרייה,610,1949,4,מחוז המרכז,נפת רמלה,אזור מודיעין,"מטרופולין תל אביב, טבעת חיצונית, גזרה דרומית",310,מושב,גזר,ללא שיוך לאשכול,0,0.8
ע'ג'ר,4501,,2,מחוז הצפון,נפת גולן,גולן צפוני,ללא שיוך למטרופולין,290,"יישוב לא יהודי 4,999-2,000 תושבים",מועצה מקומית,אשכול רשויות גליל מזרחי,211,0.2
עבדון,892,1952,2,מחוז הצפון,נפת עכו,אזור אילון,ללא שיוך למטרופולין,310,מושב,מעלה יוסף,אשכול רשויות גליל מערבי,212,0.3
עברון,376,1945,2,מחוז הצפון,נפת עכו,אזור נהרייה,"מטרופולין חיפה, טבעת חיצונית, גזרה צפונית",330,קיבוץ,מטה אשר,אשכול רשויות גליל מערבי,212,0.4
עגור,794,1950,1,מחוז ירושלים,נפת ירושלים,שפלת יהודה,ללא שיוך למטרופולין,310,מושב,מטה יהודה,ללא שיוך לאשכול,0,0.3
עדי,1199,1980,2,מחוז הצפון,נפת יזרעאל,הרי נצרת-תירען,"מטרופולין חיפה, טבעת חיצונית, גזרה מזרחית",370,יישוב קהילתי,עמק יזרעאל,אשכול רשויות הגליל והעמקים,213,0.5
עדנים,2035,1950,4,מחוז המרכז,נפת פתח תקווה,דרום השרון,"מטרופולין תל אביב, טבעת חיצונית, גזרה מזרחית",310,מושב,דרום השרון,אשכול רשויות השרון,410,0.4
עוזה,826,1950,6,מחוז הדרום,נפת אשקלון,אזור לכיש,ללא שיוך למטרופולין,310,מושב,שפיר,ללא שיוך לאשכול,0,0.4
עוזייר,528,,2,מחוז הצפון,נפת יזרעאל,הרי נצרת-תירען,ללא שיוך למטרופולין,290,"יישוב לא יהודי 4,999-2,000 תושבים",אל-בטוף,אשכול רשויות הכנרת והעמקים,214,0.4
עולש,737,1949,4,מחוז המרכז,נפת השרון,מזרח השרון,"מטרופולין תל אביב, טבעת חיצונית, גזרה צפונית",310,מושב,עמק חפר,ללא שיוך לאשכול,0,0.6
עומר,666,1949,6,מחוז הדרום,נפת באר שבע,אזור באר שבע,"מטרופולין באר שבע, טבעת חיצונית, גזרה מזרחית",180,"יישוב יהודי 9,999-5,000 תושבים",מועצה מקומית,ללא שיוך לאשכול,0,3.8
עופר,810,1950,3,מחוז חיפה,נפת חדרה,אזור זכרון יעקב,"מטרופולין חיפה, טבעת חיצונית, גזרה דרומית",310,מושב,חוף הכרמל,ללא שיוך לאשכול,0,0.4
עוצם,32,1955,6,מחוז הדרום,נפת אשקלון,אזור לכיש,ללא שיוך למטרופולין,310,מושב,לכיש,ללא שיוך לאשכול,0,0.4
עזוז,328,1984,6,מחוז הדרום,נפת באר שבע,הר הנגב הצפוני,ללא שיוך למטרופולין,370,יישוב קהילתי,רמת נגב,אשכול רשויות נגב מזרחי,610,0.1
עזר,1149,1966,6,מחוז הדרום,נפת אשקלון,אזור מלאכי,"מטרופולין תל אביב, טבעת חיצונית, גזרה דרומית",350,יישוב כפרי אחר יהודי,באר טוביה,אשכול רשויות שורק דרומי,420,0.1
עזריאל,837,1951,4,מחוז המרכז,נפת השרון,מערב השרון,"מטרופולין תל אביב, טבעת חיצונית, גזרה צפונית",310,מושב,לב השרון,אשכול רשויות השרון,410,0.3
עזריה,711,1949,4,מחוז המרכז,נפת רמלה,אזור מודיעין,"מטרופולין תל אביב, טבעת חיצונית, גזרה דרומית",310,מושב,גזר,ללא שיוך לאשכול,0,0.6
עזריקם,817,1950,6,מחוז הדרום,נפת אשקלון,אזור מלאכי,"מטרופולין תל אביב, טבעת חיצונית, גזרה דרומית",310,מושב,באר טוביה,אשכול רשויות שורק דרומי,420,0.7
עטרת,3658,1981,7,אזור יהודה ושומרון,,,ללא שיוך למטרופולין,370,יישוב קהילתי,מטה בנימין,אשכול רשויות יהודה ושומרון,710,0.2
עידן,1175,1980,6,מחוז הדרום,נפת באר שבע,אזור הערבה,ללא שיוך למטרופולין,310,מושב,הערבה התיכונה,אשכול רשויות נגב מזרחי,610,0.3
עיילבון,530,,2,מחוז הצפון,נפת כנרת,גליל תחתון מזרחי,ללא שיוך למטרופולין,280,"יישוב לא יהודי 9,999-5,000 תושבים",מועצה מקומית,אשכול רשויות הכנרת והעמקים,214,1.2
עילוט,511,,2,מחוז הצפון,נפת יזרעאל,הרי נצרת-תירען,ללא שיוך למטרופולין,280,"יישוב לא יהודי 9,999-5,000 תושבים",מועצה מקומית,אשכול רשויות הגליל והעמקים,213,1.6
עין איילה,687,1949,3,מחוז חיפה,נפת חדרה,חוף הכרמל,"מטרופולין חיפה, טבעת חיצונית, גזרה דרומית",310,מושב,חוף הכרמל,ללא שיוך לאשכול,0,0.6
עין אל-אסד,546,,2,מחוז הצפון,נפת צפת,גליל עליון מזרחי,ללא שיוך למטרופולין,450,יישוב כפרי אחר לא יהודי,מרום הגליל,אשכול רשויות גליל מזרחי,211,0.2
עין גב,273,1937,2,מחוז הצפון,נפת כנרת,כנרות,ללא שיוך למטרופולין,330,קיבוץ,עמק הירדן,אשכול רשויות הכנרת והעמקים,214,0.2
עין גדי,2042,1953,6,מחוז הדרום,נפת באר שבע,אזור ים המלח,ללא שיוך למטרופולין,330,קיבוץ,תמר,ללא שיוך לאשכול,0,0.3
עין דור,436,1948,2,מחוז הצפון,נפת יזרעאל,רמת כוכב,ללא שיוך למטרופולין,330,קיבוץ,עמק יזרעאל,אשכול רשויות הגליל והעמקים,213,0.4
עין הבשור,1240,1982,6,מחוז הדרום,נפת באר שבע,אזור בשור,ללא שיוך למטרופולין,310,מושב,אשכול,אשכול רשויות נגב מערבי,620,0.7
עין הוד,74,1954,3,מחוז חיפה,נפת חדרה,אזור זכרון יעקב,"מטרופולין חיפה, טבעת חיצונית, גזרה דרומית",370,יישוב קהילתי,חוף הכרמל,ללא שיוך לאשכול,0,0.2
עין החורש,167,1931,4,מחוז המרכז,נפת השרון,מערב השרון,"מטרופולין תל אביב, טבעת חיצונית, גזרה צפונית",330,קיבוץ,עמק חפר,ללא שיוך לאשכול,0,0.4
עין המפרץ,289,1938,2,מחוז הצפון,נפת עכו,אזור עכו,"מטרופולין חיפה, טבעת חיצונית, גזרה צפונית",330,קיבוץ,מטה אשר,אשכול רשויות גליל מערבי,212,0.5
"עין הנצי""ב",383,1946,2,מחוז הצפון,נפת יזרעאל,עמק בית שאן,ללא שיוך למטרופולין,330,קיבוץ,עמק המעיינות,אשכול רשויות הכנרת והעמקים,214,0.3
עין העמק,367,1944,2,מחוז הצפון,נפת יזרעאל,רמת מנשה,ללא שיוך למטרופולין,350,יישוב כפרי אחר יהודי,מגידו,אשכול רשויות הגליל והעמקים,213,0.3
עין השופט,270,1937,2,מחוז הצפון,נפת יזרעאל,רמת מנשה,ללא שיוך למטרופולין,330,קיבוץ,מגידו,אשכול רשויות הגליל והעמקים,213,0.4
עין השלושה,676,1950,6,מחוז הדרום,נפת באר שבע,אזור בשור,ללא שיוך למטרופולין,330,קיבוץ,אשכול,אשכול רשויות נגב מערבי,620,0.2
עין ורד,157,1930,4,מחוז המרכז,נפת השרון,מערב השרון,"מטרופולין תל אביב, טבעת חיצונית, גזרה צפונית",310,מושב,לב השרון,אשכול רשויות השרון,410,0.8
עין זיוון,4503,1968,2,מחוז הצפון,נפת גולן,גולן צפוני,ללא שיוך למטרופולין,330,קיבוץ,גולן,אשכול רשויות גליל מזרחי,211,0.2
עין חוד,1320,,3,מחוז חיפה,נפת חדרה,אזור זכרון יעקב,"מטרופולין חיפה, טבעת חיצונית, גזרה דרומית",450,יישוב כפרי אחר לא יהודי,חוף הכרמל,ללא שיוך לאשכול,0,0.1
עין חרוד (איחוד),89,1921,2,מחוז הצפון,נפת יזרעאל,עמק חרוד,ללא שיוך למטרופולין,330,קיבוץ,הגלבוע,אשכול רשויות הגליל והעמקים,213,0.4
עין חרוד (מאוחד),82,1921,2,מחוז הצפון,נפת יזרעאל,עמק חרוד,ללא שיוך למטרופולין,330,קיבוץ,הגלבוע,אשכול רשויות הגליל והעמקים,213,0.5
עין יהב,806,1951,6,מחוז הדרום,נפת באר שבע,אזור הערבה,ללא שיוך למטרופולין,310,מושב,הערבה התיכונה,אשכול רשויות נגב מזרחי,610,0.6
עין יעקב,813,1950,2,מחוז הצפון,נפת עכו,אזור יחיעם,ללא שיוך למטרופולין,310,מושב,מעלה יוסף,אשכול רשויות גליל מערבי,212,0.4
עין כרמל,426,1947,3,מחוז חיפה,נפת חדרה,חוף הכרמל,"מטרופולין חיפה, טבעת חיצונית, גזרה דרומית",330,קיבוץ,חוף הכרמל,ללא שיוך לאשכול,0,0.3
עין מאהל,532,,2,מחוז הצפון,נפת יזרעאל,הרי נצרת-תירען,ללא שיוך למטרופולין,270,"יישוב לא יהודי 19,999-10,000 תושבים",מועצה מקומית,אשכול רשויות הגליל והעמקים,213,1.4
עין נקובא,521,,1,מחוז ירושלים,נפת ירושלים,הרי יהודה,"מטרופולין ירושלים, טבעת חיצונית, גזרה מערבית",290,"יישוב לא יהודי 4,999-2,000 תושבים",מטה יהודה,ללא שיוך לאשכול,0,0.4
עין עירון,223,1934,3,מחוז חיפה,נפת חדרה,אזור חדרה,ללא שיוך למטרופולין,310,מושב,מנשה,ללא שיוך לאשכול,0,0.3
עין צורים,622,1949,6,מחוז הדרום,נפת אשקלון,אזור מלאכי,ללא שיוך למטרופולין,330,קיבוץ,שפיר,ללא שיוך לאשכול,0,0.4
עין קנייא,4502,,2,מחוז הצפון,נפת גולן,אזור החרמון,ללא שיוך למטרופולין,290,"יישוב לא יהודי 4,999-2,000 תושבים",מועצה מקומית,אשכול רשויות גליל מזרחי,211,0.7
עין ראפה,514,,1,מחוז ירושלים,נפת ירושלים,הרי יהודה,"מטרופולין ירושלים, טבעת חיצונית, גזרה מערבית",450,יישוב כפרי אחר לא יהודי,מטה יהודה,ללא שיוך לאשכול,0,0.2
עין שמר,139,1927,3,מחוז חיפה,נפת חדרה,אזור חדרה,ללא שיוך למטרופולין,330,קיבוץ,מנשה,ללא שיוך לאשכול,0,0.5
עין שריד,880,1950,4,מחוז המרכז,נפת השרון,מערב השרון,"מטרופולין תל אביב, טבעת חיצונית, גזרה צפונית",350,יישוב כפרי אחר יהודי,לב השרון,אשכול רשויות השרון,410,0.3
עין תמר,1251,1982,6,מחוז הדרום,נפת באר שבע,אזור ים המלח,ללא שיוך למטרופולין,310,מושב,תמר,ללא שיוך לאשכול,0,0.1
עינת,871,1925,4,מחוז המרכז,נפת פתח תקווה,אזור פתח תקווה,"מטרופולין תל אביב, טבעת חיצונית, גזרה מזרחית",330,קיבוץ,דרום השרון,אשכול רשויות השרון,410,0.4
עכו,7600,1948,2,מחוז הצפון,נפת עכו,אזור עכו,"מטרופולין חיפה, טבעת חיצונית, גזרה צפונית",160,"יישוב יהודי 49,999-20,000 תושבים",עירייה,אשכול רשויות גליל מערבי,212,6.8
עלומים,1146,1966,6,מחוז הדרום,נפת באר שבע,אזור בשור,ללא שיוך למטרופולין,330,קיבוץ,שדות נגב,אשכול רשויות נגב מערבי,620,0.2
עלי,3765,1984,7,אזור יהודה ושומרון,,,ללא שיוך למטרופולין,190,"יישוב יהודי 4,999-2,000 תושבים",מטה בנימין,אשכול רשויות יהודה ושומרון,710,0.7
עלי זהב,3727,1982,7,אזור יהודה ושומרון,,,"מטרופולין תל אביב, טבעת חיצונית, גזרת יישובים ישראלים ביהודה ושומרון",190,"יישוב יהודי 4,999-2,000 תושבים",שומרון,אשכול רשויות יהודה ושומרון,710,0.6
עלמה,688,1949,2,מחוז הצפון,נפת צפת,גליל עליון מזרחי,ללא שיוך למטרופולין,310,מושב,מרום הגליל,אשכול רשויות גליל מזרחי,211,0.6
עלמון,3715,1982,7,אזור יהודה ושומרון,,,"מטרופולין ירושלים, טבעת חיצונית, גזרת יישובים ישראלים ביהודה ושומרון",370,יישוב קהילתי,מטה בנימין,אשכול רשויות יהודה ושומרון,710,0.2
עמוקה,1212,1980,2,מחוז הצפון,נפת צפת,גליל עליון מזרחי,ללא שיוך למטרופולין,370,יישוב קהילתי,מרום הגליל,אשכול רשויות גליל מזרחי,211,0.1
עמיחי,3824,2018,7,אזור יהודה ושומרון,,,ללא שיוך למטרופולין,370,יישוב קהילתי,מטה בנימין,אשכול רשויות יהודה ושומרון,710,0
עמינדב,779,1950,1,מחוז ירושלים,נפת ירושלים,הרי יהודה,"מטרופולין ירושלים, טבעת חיצונית, גזרה מערבית",310,מושב,מטה יהודה,ללא שיוך לאשכול,0,0.4
עמיעד,385,1946,2,מחוז הצפון,נפת צפת,אזור חצור,ללא שיוך למטרופולין,330,קיבוץ,הגליל העליון,אשכול רשויות גליל מזרחי,211,0.2
עמיעוז,318,1957,6,מחוז הדרום,נפת באר שבע,אזור בשור,ללא שיוך למטרופולין,310,מושב,אשכול,אשכול רשויות נגב מערבי,620,0.3
עמיקם,773,1950,3,מחוז חיפה,נפת חדרה,הר אלכסנדר,ללא שיוך למטרופולין,310,מושב,אלונה,ללא שיוך לאשכול,0,0.5
עמיר,319,1939,2,מחוז הצפון,נפת צפת,עמק חולה,ללא שיוך למטרופולין,330,קיבוץ,הגליל העליון,אשכול רשויות גליל מזרחי,211,0.4
עמנואל,3660,1983,7,אזור יהודה ושומרון,,,"מטרופולין תל אביב, טבעת חיצונית, גזרת יישובים ישראלים ביהודה ושומרון",190,"יישוב יהודי 4,999-2,000 תושבים",מועצה מקומית,אשכול רשויות יהודה ושומרון,710,0.6
עמקה,708,1949,2,מחוז הצפון,נפת עכו,אזור נהרייה,ללא שיוך למטרופולין,310,מושב,מטה אשר,אשכול רשויות גליל מערבי,212,0.5
ענב,3712,1981,7,אזור יהודה ושומרון,,,ללא שיוך למטרופולין,370,יישוב קהילתי,שומרון,אשכול רשויות יהודה ושומרון,710,0.3
עספיא,534,,3,מחוז חיפה,נפת חיפה,אזור חיפה,"מטרופולין חיפה, טבעת פנימית, גזרה דרומית",270,"יישוב לא יהודי 19,999-10,000 תושבים",מועצה מקומית,אשכול רשויות המפרץ,310,4.5
עפולה,7700,1925,2,מחוז הצפון,נפת יזרעאל,עמק יזרעאל,ללא שיוך למטרופולין,150,"יישוב יהודי 99,999-50,000 תושבים",עירייה,אשכול רשויות הגליל והעמקים,213,8.8
עפרה,3617,1975,7,אזור יהודה ושומרון,,,"מטרופולין ירושלים, טבעת חיצונית, גזרת יישובים ישראלים ביהודה ושומרון",190,"יישוב יהודי 4,999-2,000 תושבים",מטה בנימין,אשכול רשויות יהודה ושומרון,710,0.7
עץ אפרים,3778,1985,7,אזור יהודה ושומרון,,,"מטרופולין תל אביב, טבעת חיצונית, גזרת יישובים ישראלים ביהודה ושומרון",190,"יישוב יהודי 4,999-2,000 תושבים",שומרון,אשכול רשויות יהודה ושומרון,710,0.3
עצמון שגב,917,1953,2,מחוז הצפון,נפת עכו,אזור שפרעם,"מטרופולין חיפה, טבעת חיצונית, גזרה צפונית",370,יישוב קהילתי,משגב,אשכול רשויות בית הכרם הגלילי,210,0.3
עראבה,531,,2,מחוז הצפון,נפת עכו,אזור שפרעם,ללא שיוך למטרופולין,260,"יישוב לא יהודי 49,999-20,000 תושבים",עירייה,ללא שיוך לאשכול,0,4.2
עראמשה*,1246,,2,מחוז הצפון,נפת עכו,אזור אילון,ללא שיוך למטרופולין,450,יישוב כפרי אחר לא יהודי,מטה אשר,אשכול רשויות גליל מערבי,212,0.6
ערב אל נעים,1335,2006,2,מחוז הצפון,נפת עכו,אזור שפרעם,"מטרופולין חיפה, טבעת חיצונית, גזרה צפונית",450,יישוב כפרי אחר לא יהודי,משגב,אשכול רשויות בית הכרם הגלילי,210,0.2
ערד,2560,1961,6,מחוז הדרום,נפת באר שבע,אזור באר שבע,ללא שיוך למטרופולין,160,"יישוב יהודי 49,999-20,000 תושבים",עירייה,אשכול רשויות נגב מזרחי,610,7.6
ערוגות,593,1949,6,מחוז הדרום,נפת אשקלון,אזור מלאכי,"מטרופולין תל אביב, טבעת חיצונית, גזרה דרומית",310,מושב,באר טוביה,אשכול רשויות שורק דרומי,420,0.6
ערערה,637,,3,מחוז חיפה,נפת חדרה,הר אלכסנדר,ללא שיוך למטרופולין,260,"יישוב לא יהודי 49,999-20,000 תושבים",מועצה מקומית,ללא שיוך לאשכול,0,5.5
ערערה-בנגב,1192,,6,מחוז הדרום,נפת באר שבע,אזור באר שבע,ללא שיוך למטרופולין,270,"יישוב לא יהודי 19,999-10,000 תושבים",מועצה מקומית,אשכול רשויות נגב מזרחי,610,3.7
עשרת,591,1954,4,מחוז המרכז,נפת רחובות,אזור רחובות,"מטרופולין תל אביב, טבעת חיצונית, גזרה דרומית",350,יישוב כפרי אחר יהודי,גדרות,ללא שיוך לאשכול,0,0.5
עתלית,53,1904,3,מחוז חיפה,נפת חדרה,חוף הכרמל,"מטרופולין חיפה, טבעת פנימית, גזרה דרומית",170,"יישוב יהודי 19,999-10,000 תושבים",חוף הכרמל,ללא שיוך לאשכול,0,2
עתניאל,3748,1983,7,אזור יהודה ושומרון,,,ללא שיוך למטרופולין,370,יישוב קהילתי,הר חברון,אשכול רשויות יהודה ושומרון,710,0.2
פארן,1151,1972,6,מחוז הדרום,נפת באר שבע,אזור הערבה,ללא שיוך למטרופולין,310,מושב,הערבה התיכונה,אשכול רשויות נגב מזרחי,610,0.5
פדואל,3768,1984,7,אזור יהודה ושומרון,,,"מטרופולין תל אביב, טבעת חיצונית, גזרת יישובים ישראלים ביהודה ושומרון",190,"יישוב יהודי 4,999-2,000 תושבים",שומרון,אשכול רשויות יהודה ושומרון,710,0.3
פדויים,750,1950,6,מחוז הדרום,נפת באר שבע,אזור בשור,"מטרופולין באר שבע, טבעת חיצונית, גזרה מערבית",310,מושב,מרחבים,אשכול רשויות נגב מערבי,620,0.5
פדיה,838,1951,4,מחוז המרכז,נפת רמלה,אזור מודיעין,"מטרופולין תל אביב, טבעת חיצונית, גזרה דרומית",310,מושב,גזר,ללא שיוך לאשכול,0,0.4
פוריידיס,537,,3,מחוז חיפה,נפת חדרה,חוף הכרמל,ללא שיוך למטרופולין,270,"יישוב לא יהודי 19,999-10,000 תושבים",מועצה מקומית,ללא שיוך לאשכול,0,1.2
פורייה - כפר עבודה,1104,1949,2,מחוז הצפון,נפת כנרת,כנרות,ללא שיוך למטרופולין,350,יישוב כפרי אחר יהודי,עמק הירדן,אשכול רשויות הכנרת והעמקים,214,0.2
פורייה - נווה עובד,1105,1949,2,מחוז הצפון,נפת כנרת,כנרות,ללא שיוך למטרופולין,350,יישוב כפרי אחר יהודי,עמק הירדן,אשכול רשויות הכנרת והעמקים,214,0.5
פורייה עילית,1313,1955,2,מחוז הצפון,נפת כנרת,כנרות,ללא שיוך למטרופולין,350,יישוב כפרי אחר יהודי,עמק הירדן,אשכול רשויות הכנרת והעמקים,214,0.5
פורת,767,1950,4,מחוז המרכז,נפת השרון,מערב השרון,"מטרופולין תל אביב, טבעת חיצונית, גזרה צפונית",310,מושב,לב השרון,אשכול רשויות השרון,410,0.6
פטיש,749,1950,6,מחוז הדרום,נפת באר שבע,אזור בשור,"מטרופולין באר שבע, טבעת חיצונית, גזרה מערבית",310,מושב,מרחבים,אשכול רשויות נגב מערבי,620,0.7
פלך,1185,1980,2,מחוז הצפון,נפת עכו,אזור יחיעם,ללא שיוך למטרופולין,330,קיבוץ,משגב,אשכול רשויות בית הכרם הגלילי,210,0
פלמחים,597,1949,4,מחוז המרכז,נפת רחובות,אזור ראשון לציון,"מטרופולין תל אביב, טבעת חיצונית, גזרה דרומית",330,קיבוץ,גן רווה,ללא שיוך לאשכול,0,0.2
פני חבר,3723,1982,7,אזור יהודה ושומרון,,,ללא שיוך למטרופולין,370,יישוב קהילתי,הר חברון,אשכול רשויות יהודה ושומרון,710,0.2
פסגות,3659,1981,7,אזור יהודה ושומרון,,,"מטרופולין ירושלים, טבעת חיצונית, גזרת יישובים ישראלים ביהודה ושומרון",190,"יישוב יהודי 4,999-2,000 תושבים",מטה בנימין,אשכול רשויות יהודה ושומרון,710,0.2
פסוטה,535,,2,מחוז הצפון,נפת עכו,אזור אילון,ללא שיוך למטרופולין,290,"יישוב לא יהודי 4,999-2,000 תושבים",מועצה מקומית,אשכול רשויות גליל מערבי,212,1
"פעמי תש""ז",2059,1953,6,מחוז הדרום,נפת באר שבע,אזור גרר,ללא שיוך למטרופולין,310,מושב,מרחבים,אשכול רשויות נגב מערבי,620,0.4
פצאל,3615,1975,7,אזור יהודה ושומרון,,,ללא שיוך למטרופולין,310,מושב,ערבות הירדן,אשכול רשויות יהודה ושומרון,710,0.4
פקיעין (בוקייעה),536,,2,מחוז הצפון,נפת עכו,אזור יחיעם,ללא שיוך למטרופולין,280,"יישוב לא יהודי 9,999-5,000 תושבים",מועצה מקומית,ללא שיוך לאשכול,0,1.8
פקיעין חדשה,281,1955,2,מחוז הצפון,נפת עכו,אזור יחיעם,ללא שיוך למטרופולין,310,מושב,מעלה יוסף,אשכול רשויות גליל מערבי,212,0.3
פרדס חנה-כרכור,7800,1913,3,מחוז חיפה,נפת חדרה,אזור חדרה,ללא שיוך למטרופולין,160,"יישוב יהודי 49,999-20,000 תושבים",מועצה מקומית,ללא שיוך לאשכול,0,9.7
פרדסייה,171,1942,4,מחוז המרכז,נפת השרון,מערב השרון,"מטרופולין תל אביב, טבעת חיצונית, גזרה צפונית",180,"יישוב יהודי 9,999-5,000 תושבים",מועצה מקומית,ללא שיוך לאשכול,0,1
פרוד,599,1949,2,מחוז הצפון,נפת צפת,גליל עליון מזרחי,ללא שיוך למטרופולין,330,קיבוץ,מרום הגליל,אשכול רשויות גליל מזרחי,211,0.3
פרזון,2053,1953,2,מחוז הצפון,נפת יזרעאל,עמק יזרעאל,ללא שיוך למטרופולין,310,מושב,הגלבוע,אשכול רשויות הגליל והעמקים,213,0.3
פרי גן,1231,1981,6,מחוז הדרום,נפת באר שבע,אזור בשור,ללא שיוך למטרופולין,310,מושב,אשכול,אשכול רשויות נגב מערבי,620,0.2
פתח תקווה,7900,1878,4,מחוז המרכז,נפת פתח תקווה,אזור פתח תקווה,"מטרופולין תל אביב, טבעת תיכונה, גזרה מזרחית",130,"יישוב יהודי 499,999-200,000 תושבים",עירייה,ללא שיוך לאשכול,0,21.8
פתחיה,839,1951,4,מחוז המרכז,נפת רמלה,אזור מודיעין,"מטרופולין תל אביב, טבעת חיצונית, גזרה דרומית",310,מושב,גזר,ללא שיוך לאשכול,0,0.4
צאלים,413,1947,6,מחוז הדרום,נפת באר שבע,אזור בשור,ללא שיוך למטרופולין,330,קיבוץ,אשכול,אשכול רשויות נגב מערבי,620,0.3
צביה,1180,1979,2,מחוז הצפון,נפת עכו,אזור כרמיאל,ללא שיוך למטרופולין,370,יישוב קהילתי,משגב,אשכול רשויות בית הכרם הגלילי,210,0.2
צבעון,1213,1980,2,מחוז הצפון,נפת עכו,אזור אילון,ללא שיוך למטרופולין,330,קיבוץ,הגליל העליון,אשכול רשויות גליל מזרחי,211,0.1
צובה,465,1948,1,מחוז ירושלים,נפת ירושלים,הרי יהודה,"מטרופולין ירושלים, טבעת חיצונית, גזרה מערבית",330,קיבוץ,מטה יהודה,ללא שיוך לאשכול,0,0.2
צוחר,1136,1973,6,מחוז הדרום,נפת באר שבע,אזור בשור,ללא שיוך למטרופולין,350,יישוב כפרי אחר יהודי,אשכול,אשכול רשויות נגב מערבי,620,0.4
צופים,3791,1989,7,אזור יהודה ושומרון,,,"מטרופולין תל אביב, טבעת חיצונית, גזרת יישובים ישראלים ביהודה ושומרון",190,"יישוב יהודי 4,999-2,000 תושבים",שומרון,אשכול רשויות יהודה ושומרון,710,0.3
צופית,198,1933,4,מחוז המרכז,נפת פתח תקווה,דרום השרון,"מטרופולין תל אביב, טבעת חיצונית, גזרה צפונית",310,מושב,דרום השרון,אשכול רשויות השרון,410,0.6
צופר,1150,1970,6,מחוז הדרום,נפת באר שבע,אזור הערבה,ללא שיוך למטרופולין,310,מושב,הערבה התיכונה,אשכול רשויות נגב מזרחי,610,0.4
צוקי ים,1102,1956,4,מחוז המרכז,נפת השרון,מערב השרון,"מטרופולין תל אביב, טבעת חיצונית, גזרה צפונית",350,יישוב כפרי אחר יהודי,עמק חפר,ללא שיוך לאשכול,0,0.1
צוקים,1262,1983,6,מחוז הדרום,נפת באר שבע,אזור הערבה,ללא שיוך למטרופולין,370,יישוב קהילתי,הערבה התיכונה,אשכול רשויות נגב מזרחי,610,0.2
צור הדסה,1113,1960,1,מחוז ירושלים,נפת ירושלים,הרי יהודה,"מטרופולין ירושלים, טבעת חיצונית, גזרה מערבית",170,"יישוב יהודי 19,999-10,000 תושבים",מטה יהודה,ללא שיוך לאשכול,0,1.2
צור יצחק,1345,2007,4,מחוז המרכז,נפת פתח תקווה,דרום השרון,"מטרופולין תל אביב, טבעת חיצונית, גזרה צפונית",180,"יישוב יהודי 9,999-5,000 תושבים",דרום השרון,אשכול רשויות השרון,410,0.4
צור משה,276,1937,4,מחוז המרכז,נפת השרון,מערב השרון,"מטרופולין תל אביב, טבעת חיצונית, גזרה צפונית",190,"יישוב יהודי 4,999-2,000 תושבים",לב השרון,אשכול רשויות השרון,410,0.8
צור נתן,1148,1970,4,מחוז המרכז,נפת פתח תקווה,דרום השרון,"מטרופולין תל אביב, טבעת חיצונית, גזרה צפונית",320,מושב שיתופי,דרום השרון,אשכול רשויות השרון,410,0.2
צוריאל,774,1950,2,מחוז הצפון,נפת עכו,אזור יחיעם,ללא שיוך למטרופולין,310,מושב,מעלה יוסף,אשכול רשויות גליל מערבי,212,0.4
צורית,1221,1981,2,מחוז הצפון,נפת עכו,אזור כרמיאל,"מטרופולין חיפה, טבעת חיצונית, גזרה צפונית",370,יישוב קהילתי,משגב,אשכול רשויות בית הכרם הגלילי,210,0.3
ציפורי,613,1949,2,מחוז הצפון,נפת יזרעאל,הרי נצרת-תירען,ללא שיוך למטרופולין,310,מושב,עמק יזרעאל,אשכול רשויות הגליל והעמקים,213,0.6
צלפון,796,1950,1,מחוז ירושלים,נפת ירושלים,שפלת יהודה,ללא שיוך למטרופולין,310,מושב,מטה יהודה,ללא שיוך לאשכול,0,0.5
צנדלה,636,,2,מחוז הצפון,נפת יזרעאל,עמק חרוד,ללא שיוך למטרופולין,450,יישוב כפרי אחר לא יהודי,הגלבוע,אשכול רשויות הגליל והעמקים,213,0.3
צפרייה,594,1949,4,מחוז המרכז,נפת רמלה,אזור מודיעין,"מטרופולין תל אביב, טבעת תיכונה, גזרה דרומית",310,מושב,שדות דן,ללא שיוך לאשכול,0,0.6
צפרירים,1079,1958,1,מחוז ירושלים,נפת ירושלים,שפלת יהודה,"מטרופולין ירושלים, טבעת חיצונית, גזרה מערבית",310,מושב,מטה יהודה,ללא שיוך לאשכול,0,0.2
צפת,8000,ותיק,2,מחוז הצפון,נפת צפת,גליל עליון מזרחי,ללא שיוך למטרופולין,160,"יישוב יהודי 49,999-20,000 תושבים",עירייה,אשכול רשויות גליל מזרחי,211,5.1
צרופה,612,1949,3,מחוז חיפה,נפת חדרה,חוף הכרמל,"מטרופולין חיפה, טבעת חיצונית, גזרה דרומית",310,מושב,חוף הכרמל,ללא שיוך לאשכול,0,0.6
צרעה,567,1948,1,מחוז ירושלים,נפת ירושלים,שפלת יהודה,"מטרופולין ירושלים, טבעת חיצונית, גזרה מערבית",330,קיבוץ,מטה יהודה,ללא שיוך לאשכול,0,0.4
קבוצת יבנה,334,1941,4,מחוז המרכז,נפת רחובות,אזור רחובות,"מטרופולין תל אביב, טבעת חיצונית, גזרה דרומית",330,קיבוץ,חבל יבנה,אשכול רשויות שורק דרומי,420,0.5
קדומים,3557,1977,7,אזור יהודה ושומרון,,,"מטרופולין תל אביב, טבעת חיצונית, גזרת יישובים ישראלים ביהודה ושומרון",190,"יישוב יהודי 4,999-2,000 תושבים",מועצה מקומית,אשכול רשויות יהודה ושומרון,710,1.1
קדימה-צורן,195,1933,4,מחוז המרכז,נפת השרון,מערב השרון,"מטרופולין תל אביב, טבעת חיצונית, גזרה צפונית",160,"יישוב יהודי 49,999-20,000 תושבים",מועצה מקומית,אשכול רשויות השרון,410,4.1
קדמת צבי,4025,1985,2,מחוז הצפון,נפת גולן,גולן תיכון,ללא שיוך למטרופולין,310,מושב,גולן,אשכול רשויות גליל מזרחי,211,0.3
קדר,3781,1985,7,אזור יהודה ושומרון,,,"מטרופולין ירושלים, טבעת חיצונית, גזרת יישובים ישראלים ביהודה ושומרון",370,יישוב קהילתי,גוש עציון,ללא שיוך לאשכול,0,0.3
קדרון,615,1949,4,מחוז המרכז,נפת רחובות,אזור רחובות,"מטרופולין תל אביב, טבעת חיצונית, גזרה דרומית",310,מושב,ברנר,אשכול רשויות שורק דרומי,420,1
קדרים,1211,1980,2,מחוז הצפון,נפת צפת,גליל תחתון מרכזי,ללא שיוך למטרופולין,330,קיבוץ,הגליל העליון,אשכול רשויות גליל מזרחי,211,0.1
קוממיות,766,1950,6,מחוז הדרום,נפת אשקלון,אזור מלאכי,ללא שיוך למטרופולין,310,מושב,שפיר,ללא שיוך לאשכול,0,0.3
קורנית,1179,1982,2,מחוז הצפון,נפת עכו,אזור שפרעם,"מטרופולין חיפה, טבעת חיצונית, גזרה צפונית",370,יישוב קהילתי,משגב,אשכול רשויות בית הכרם הגלילי,210,0.3
קטורה,1052,1970,6,מחוז הדרום,נפת באר שבע,אזור הערבה,ללא שיוך למטרופולין,330,קיבוץ,חבל אילות,אשכול רשויות נגב מזרחי,610,0.2
קיסריה,1167,1977,3,מחוז חיפה,נפת חדרה,אזור חדרה,ללא שיוך למטרופולין,180,"יישוב יהודי 9,999-5,000 תושבים",חוף הכרמל,ללא שיוך לאשכול,0,2.6
קלחים,414,1954,6,מחוז הדרום,נפת באר שבע,אזור גרר,ללא שיוך למטרופולין,310,מושב,מרחבים,אשכול רשויות נגב מערבי,620,0.4
קליה,3601,1968,7,אזור יהודה ושומרון,,,ללא שיוך למטרופולין,330,קיבוץ,מגילות ים המלח,אשכול רשויות יהודה ושומרון,710,0.2
קלנסווה,638,,4,מחוז המרכז,נפת השרון,מזרח השרון,"מטרופולין תל אביב, טבעת חיצונית, גזרה צפונית",260,"יישוב לא יהודי 49,999-20,000 תושבים",עירייה,אשכול רשויות השרון,410,4.9
קלע,4024,1984,2,מחוז הצפון,נפת גולן,גולן צפוני,ללא שיוך למטרופולין,370,יישוב קהילתי,גולן,אשכול רשויות גליל מזרחי,211,0.2
קציר,1243,1982,3,מחוז חיפה,נפת חדרה,הר אלכסנדר,ללא שיוך למטרופולין,190,"יישוב יהודי 4,999-2,000 תושבים",מנשה,ללא שיוך לאשכול,0,0.8
קצר א-סר,1347,2004,6,מחוז הדרום,נפת באר שבע,אזור באר שבע,ללא שיוך למטרופולין,290,"יישוב לא יהודי 4,999-2,000 תושבים",נווה מדבר,אשכול רשויות נגב מזרחי,610,1
קצרין,4100,1977,2,מחוז הצפון,נפת גולן,גולן תיכון,ללא שיוך למטרופולין,180,"יישוב יהודי 9,999-5,000 תושבים",מועצה מקומית,אשכול רשויות גליל מזרחי,211,2
קריית אונו,2620,1939,5,מחוז תל אביב,נפת תל אביב,אזור רמת גן,"מטרופולין תל אביב, טבעת פנימית, גזרה מזרחית",160,"יישוב יהודי 49,999-20,000 תושבים",עירייה,ללא שיוך לאשכול,0,3.4
קריית ארבע,3611,1972,7,אזור יהודה ושומרון,,,ללא שיוך למטרופולין,180,"יישוב יהודי 9,999-5,000 תושבים",מועצה מקומית,אשכול רשויות יהודה ושומרון,710,1.6
קריית אתא,6800,1925,3,מחוז חיפה,נפת חיפה,אזור חיפה,"מטרופולין חיפה, טבעת פנימית, גזרה מזרחית",150,"יישוב יהודי 99,999-50,000 תושבים",עירייה,אשכול רשויות המפרץ,310,8.9
קריית ביאליק,9500,1934,3,מחוז חיפה,נפת חיפה,אזור חיפה,"מטרופולין חיפה, טבעת פנימית, גזרה צפונית",160,"יישוב יהודי 49,999-20,000 תושבים",עירייה,אשכול רשויות המפרץ,310,4.3
קריית גת,2630,1954,6,מחוז הדרום,נפת אשקלון,אזור לכיש,ללא שיוך למטרופולין,150,"יישוב יהודי 99,999-50,000 תושבים",עירייה,ללא שיוך לאשכול,0,7.8
קרית טבעון,2300,1937,3,מחוז חיפה,נפת חיפה,אזור חיפה,"מטרופולין חיפה, טבעת פנימית, גזרה מזרחית",170,"יישוב יהודי 19,999-10,000 תושבים",מועצה מקומית,אשכול רשויות המפרץ,310,4.6
קריית ים,9600,1941,3,מחוז חיפה,נפת חיפה,אזור חיפה,"מטרופולין חיפה, טבעת פנימית, גזרה צפונית",160,"יישוב יהודי 49,999-20,000 תושבים",עירייה,אשכול רשויות המפרץ,310,3.1
קריית יערים,1137,1975,1,מחוז ירושלים,נפת ירושלים,הרי יהודה,"מטרופולין ירושלים, טבעת חיצונית, גזרה מערבית",180,"יישוב יהודי 9,999-5,000 תושבים",מועצה מקומית,ללא שיוך לאשכול,0,0.5
קריית מוצקין,8200,1934,3,מחוז חיפה,נפת חיפה,אזור חיפה,"מטרופולין חיפה, טבעת פנימית, גזרה צפונית",160,"יישוב יהודי 49,999-20,000 תושבים",עירייה,אשכול רשויות המפרץ,310,3.2
קריית מלאכי,1034,1951,6,מחוז הדרום,נפת אשקלון,אזור מלאכי,"מטרופולין תל אביב, טבעת חיצונית, גזרה דרומית",160,"יישוב יהודי 49,999-20,000 תושבים",עירייה,אשכול רשויות שורק דרומי,420,3.1
קריית נטפים,3746,1983,7,אזור יהודה ושומרון,,,"מטרופולין תל אביב, טבעת חיצונית, גזרת יישובים ישראלים ביהודה ושומרון",370,יישוב קהילתי,שומרון,אשכול רשויות יהודה ושומרון,710,0.2
קריית ענבים,78,1920,1,מחוז ירושלים,נפת ירושלים,הרי יהודה,"מטרופולין ירושלים, טבעת חיצונית, גזרה מערבית",330,קיבוץ,מטה יהודה,ללא שיוך לאשכול,0,0.3
קריית עקרון,469,1948,4,מחוז המרכז,נפת רחובות,אזור רחובות,"מטרופולין תל אביב, טבעת תיכונה, גזרה דרומית",170,"יישוב יהודי 19,999-10,000 תושבים",מועצה מקומית,אשכול רשויות שורק דרומי,420,2
קריית שמונה,2800,1950,2,מחוז הצפון,נפת צפת,עמק חולה,ללא שיוך למטרופולין,160,"יישוב יהודי 49,999-20,000 תושבים",עירייה,אשכול רשויות גליל מזרחי,211,5
קרני שומרון,3640,1978,7,אזור יהודה ושומרון,,,"מטרופולין תל אביב, טבעת חיצונית, גזרת יישובים ישראלים ביהודה ושומרון",180,"יישוב יהודי 9,999-5,000 תושבים",מועצה מקומית,אשכול רשויות יהודה ושומרון,710,1.8
קשת,4006,1974,2,מחוז הצפון,נפת גולן,גולן צפוני,ללא שיוך למטרופולין,320,מושב שיתופי,גולן,אשכול רשויות גליל מזרחי,211,0.2
ראמה,543,,2,מחוז הצפון,נפת עכו,אזור כרמיאל,ללא שיוך למטרופולין,280,"יישוב לא יהודי 9,999-5,000 תושבים",מועצה מקומית,אשכול רשויות בית הכרם הגלילי,210,1.5
ראס אל-עין,1334,,2,מחוז הצפון,נפת עכו,אזור כרמיאל,ללא שיוך למטרופולין,450,יישוב כפרי אחר לא יהודי,משגב,אשכול רשויות בית הכרם הגלילי,210,0.1
ראס עלי,990,,3,מחוז חיפה,נפת חיפה,אזור חיפה,"מטרופולין חיפה, טבעת פנימית, גזרה מזרחית",450,יישוב כפרי אחר לא יהודי,זבולון,אשכול רשויות המפרץ,310,0.2
ראש העין,2640,1950,4,מחוז המרכז,נפת פתח תקווה,אזור פתח תקווה,"מטרופולין תל אביב, טבעת חיצונית, גזרה מזרחית",150,"יישוב יהודי 99,999-50,000 תושבים",עירייה,ללא שיוך לאשכול,0,8.2
ראש פינה,26,1882,2,מחוז הצפון,נפת צפת,אזור חצור,ללא שיוך למטרופולין,190,"יישוב יהודי 4,999-2,000 תושבים",מועצה מקומית,אשכול רשויות גליל מזרחי,211,2.8
ראש צורים,3602,1969,7,אזור יהודה ושומרון,,,"מטרופולין ירושלים, טבעת חיצונית, גזרת יישובים ישראלים ביהודה ושומרון",330,קיבוץ,גוש עציון,ללא שיוך לאשכול,0,0.1
ראשון לציון,8300,1882,4,מחוז המרכז,נפת רחובות,אזור ראשון לציון,"מטרופולין תל אביב, טבעת תיכונה, גזרה דרומית",130,"יישוב יהודי 499,999-200,000 תושבים",עירייה,ללא שיוך לאשכול,0,25.8
רבבה,3795,1991,7,אזור יהודה ושומרון,,,"מטרופולין תל אביב, טבעת חיצונית, גזרת יישובים ישראלים ביהודה ושומרון",190,"יישוב יהודי 4,999-2,000 תושבים",שומרון,אשכול רשויות יהודה ושומרון,710,0.3
רבדים,564,1948,6,מחוז הדרום,נפת אשקלון,אזור מלאכי,ללא שיוך למטרופולין,330,קיבוץ,יואב,אשכול רשויות שורק דרומי,420,0.3
רביבים,354,1943,6,מחוז הדרום,נפת באר שבע,הר הנגב הצפוני,ללא שיוך למטרופולין,330,קיבוץ,רמת נגב,אשכול רשויות נגב מזרחי,610,0.4
רביד,1225,1981,2,מחוז הצפון,נפת כנרת,גליל תחתון מזרחי,ללא שיוך למטרופולין,330,קיבוץ,עמק הירדן,אשכול רשויות הכנרת והעמקים,214,0.1
רגבה,390,1946,2,מחוז הצפון,נפת עכו,אזור נהרייה,"מטרופולין חיפה, טבעת חיצונית, גזרה צפונית",320,מושב שיתופי,מטה אשר,אשכול רשויות גליל מערבי,212,0.6
רגבים,444,1948,3,מחוז חיפה,נפת חדרה,הר אלכסנדר,ללא שיוך למטרופולין,330,קיבוץ,מנשה,ללא שיוך לאשכול,0,0.2
רהט,1161,,6,מחוז הדרום,נפת באר שבע,אזור באר שבע,"מטרופולין באר שבע, טבעת חיצונית, גזרה צפונית",250,"יישוב לא יהודי 99,999-50,000 תושבים",עירייה,אשכול רשויות נגב מערבי,620,11
רווחה,2051,1953,6,מחוז הדרום,נפת אשקלון,אזור לכיש,ללא שיוך למטרופולין,310,מושב,שפיר,ללא שיוך לאשכול,0,0.4
רוויה,2016,1952,2,מחוז הצפון,נפת יזרעאל,עמק בית שאן,ללא שיוך למטרופולין,310,מושב,עמק המעיינות,אשכול רשויות הכנרת והעמקים,214,0.4
רוחמה,362,1944,6,מחוז הדרום,נפת אשקלון,אזור אשקלון,ללא שיוך למטרופולין,330,קיבוץ,שער הנגב,אשכול רשויות נגב מערבי,620,0.3
רומאנה,539,,2,מחוז הצפון,נפת יזרעאל,הרי נצרת-תירען,ללא שיוך למטרופולין,450,יישוב כפרי אחר לא יהודי,אל-בטוף,אשכול רשויות הכנרת והעמקים,214,0.2
רומת הייב,997,,2,מחוז הצפון,נפת יזרעאל,הרי נצרת-תירען,ללא שיוך למטרופולין,290,"יישוב לא יהודי 4,999-2,000 תושבים",אל-בטוף,אשכול רשויות הכנרת והעמקים,214,0.7
רועי,3619,1976,7,אזור יהודה ושומרון,,,ללא שיוך למטרופולין,310,מושב,ערבות הירדן,אשכול רשויות יהודה ושומרון,710,0.1
רותם,3782,1983,7,אזור יהודה ושומרון,,,ללא שיוך למטרופולין,370,יישוב קהילתי,ערבות הירדן,אשכול רשויות יהודה ושומרון,710,0.1
רחוב,854,1951,2,מחוז הצפון,נפת יזרעאל,עמק בית שאן,ללא שיוך למטרופולין,310,מושב,עמק המעיינות,אשכול רשויות הכנרת והעמקים,214,0.4
רחובות,8400,1890,4,מחוז המרכז,נפת רחובות,אזור רחובות,"מטרופולין תל אביב, טבעת תיכונה, גזרה דרומית",140,"יישוב יהודי 199,999-100,000 תושבים",עירייה,ללא שיוך לאשכול,0,13.1
רחלים,3822,2013,7,אזור יהודה ושומרון,,,ללא שיוך למטרופולין,370,יישוב קהילתי,שומרון,אשכול רשויות יהודה ושומרון,710,0.1
ריחאנייה,540,,2,מחוז הצפון,נפת צפת,גליל עליון מזרחי,ללא שיוך למטרופולין,450,יישוב כפרי אחר לא יהודי,מרום הגליל,אשכול רשויות גליל מזרחי,211,0.4
ריחן,3568,1977,7,אזור יהודה ושומרון,,,ללא שיוך למטרופולין,320,מושב שיתופי,שומרון,אשכול רשויות יהודה ושומרון,710,0.2
ריינה,542,,2,מחוז הצפון,נפת יזרעאל,הרי נצרת-תירען,ללא שיוך למטרופולין,270,"יישוב לא יהודי 19,999-10,000 תושבים",מועצה מקומית,אשכול רשויות הגליל והעמקים,213,3.4
רימונים,3565,1977,7,אזור יהודה ושומרון,,,"מטרופולין ירושלים, טבעת חיצונית, גזרת יישובים ישראלים ביהודה ושומרון",370,יישוב קהילתי,מטה בנימין,אשכול רשויות יהודה ושומרון,710,0.2
רינתיה,616,1949,4,מחוז המרכז,נפת פתח תקווה,אזור פתח תקווה,"מטרופולין תל אביב, טבעת חיצונית, גזרה מזרחית",310,מושב,חבל מודיעין,ללא שיוך לאשכול,0,0.5
רכסים,922,1957,3,מחוז חיפה,נפת חיפה,אזור חיפה,"מטרופולין חיפה, טבעת פנימית, גזרה מזרחית",170,"יישוב יהודי 19,999-10,000 תושבים",מועצה מקומית,אשכול רשויות המפרץ,310,1.2
רם-און,1069,1960,2,מחוז הצפון,נפת יזרעאל,עמק יזרעאל,ללא שיוך למטרופולין,310,מושב,הגלבוע,אשכול רשויות הגליל והעמקים,213,0.5
רמות,4702,1970,2,מחוז הצפון,נפת גולן,גולן תיכון,ללא שיוך למטרופולין,310,מושב,גולן,אשכול רשויות גליל מזרחי,211,0.7
רמות השבים,206,1933,4,מחוז המרכז,נפת פתח תקווה,דרום השרון,"מטרופולין תל אביב, טבעת תיכונה, גזרה צפונית",350,יישוב כפרי אחר יהודי,דרום השרון,אשכול רשויות השרון,410,0.8
רמות מאיר,735,1949,4,מחוז המרכז,נפת רמלה,אזור מודיעין,"מטרופולין תל אביב, טבעת חיצונית, גזרה דרומית",310,מושב,גזר,ללא שיוך לאשכול,0,0.3
רמות מנשה,445,1948,2,מחוז הצפון,נפת יזרעאל,רמת מנשה,ללא שיוך למטרופולין,330,קיבוץ,מגידו,אשכול רשויות הגליל והעמקים,213,0.5
רמות נפתלי,372,1945,2,מחוז הצפון,נפת צפת,גליל עליון מזרחי,ללא שיוך למטרופולין,310,מושב,מבואות החרמון,אשכול רשויות גליל מזרחי,211,0.6
רמלה,8500,1948,4,מחוז המרכז,נפת רמלה,אזור מודיעין,"מטרופולין תל אביב, טבעת תיכונה, גזרה דרומית",150,"יישוב יהודי 99,999-50,000 תושבים",עירייה,ללא שיוך לאשכול,0,8.6
רמת גן,8600,1921,5,מחוז תל אביב,נפת תל אביב,אזור רמת גן,"מטרופולין תל אביב, טבעת פנימית, גזרה מזרחית",140,"יישוב יהודי 199,999-100,000 תושבים",עירייה,ללא שיוך לאשכול,0,13.3
רמת דוד,135,1926,2,מחוז הצפון,נפת יזרעאל,עמק יזרעאל,ללא שיוך למטרופולין,330,קיבוץ,עמק יזרעאל,אשכול רשויות הגליל והעמקים,213,0.3
רמת הכובש,184,1932,4,מחוז המרכז,נפת פתח תקווה,דרום השרון,"מטרופולין תל אביב, טבעת חיצונית, גזרה צפונית",330,קיבוץ,דרום השרון,אשכול רשויות השרון,410,0.4
רמת השופט,335,1941,2,מחוז הצפון,נפת יזרעאל,רמת מנשה,ללא שיוך למטרופולין,330,קיבוץ,מגידו,אשכול רשויות הגליל והעמקים,213,0.4
רמת השרון,2650,1923,5,מחוז תל אביב,נפת תל אביב,אזור תל אביב,"מטרופולין תל אביב, טבעת פנימית, גזרה צפונית",160,"יישוב יהודי 49,999-20,000 תושבים",עירייה,ללא שיוך לאשכול,0,7.3
רמת יוחנן,178,1932,3,מחוז חיפה,נפת חיפה,אזור חיפה,"מטרופולין חיפה, טבעת פנימית, גזרה מזרחית",330,קיבוץ,זבולון,אשכול רשויות המפרץ,310,0.5
רמת ישי,122,1925,2,מחוז הצפון,נפת יזרעאל,אזור יקנעם,"מטרופולין חיפה, טבעת חיצונית, גזרה מזרחית",180,"יישוב יהודי 9,999-5,000 תושבים",מועצה מקומית,ללא שיוך לאשכול,0,1.5
רמת מגשימים,4701,1968,2,מחוז הצפון,נפת גולן,גולן דרומי,ללא שיוך למטרופולין,320,מושב שיתופי,גולן,אשכול רשויות גליל מזרחי,211,0.3
רמת צבי,339,1942,2,מחוז הצפון,נפת יזרעאל,רמת כוכב,ללא שיוך למטרופולין,310,מושב,הגלבוע,אשכול רשויות הגליל והעמקים,213,0.4
רמת רזיאל,460,1948,1,מחוז ירושלים,נפת ירושלים,הרי יהודה,"מטרופולין ירושלים, טבעת חיצונית, גזרה מערבית",310,מושב,מטה יהודה,ללא שיוך לאשכול,0,0.4
רמת רחל,127,1926,1,מחוז ירושלים,נפת ירושלים,הרי יהודה,"מטרופולין ירושלים, טבעת חיצונית, גזרה מערבית",330,קיבוץ,מטה יהודה,ללא שיוך לאשכול,0,0.2
רנן,789,1950,6,מחוז הדרום,נפת באר שבע,אזור בשור,"מטרופולין באר שבע, טבעת חיצונית, גזרה מערבית",310,מושב,מרחבים,אשכול רשויות נגב מערבי,620,0.9
רעים,713,1949,6,מחוז הדרום,נפת באר שבע,אזור בשור,ללא שיוך למטרופולין,330,קיבוץ,אשכול,אשכול רשויות נגב מערבי,620,0.2
רעננה,8700,1921,4,מחוז המרכז,נפת פתח תקווה,דרום השרון,"מטרופולין תל אביב, טבעת תיכונה, גזרה צפונית",150,"יישוב יהודי 99,999-50,000 תושבים",עירייה,אשכול רשויות השרון,410,9.1
רקפת,1228,1981,2,מחוז הצפון,נפת עכו,אזור שפרעם,"מטרופולין חיפה, טבעת חיצונית, גזרה צפונית",370,יישוב קהילתי,משגב,אשכול רשויות בית הכרם הגלילי,210,0.3
רשפון,247,1936,4,מחוז המרכז,נפת השרון,מערב השרון,"מטרופולין תל אביב, טבעת חיצונית, גזרה צפונית",310,מושב,חוף השרון,ללא שיוך לאשכול,0,0.9
רשפים,437,1948,2,מחוז הצפון,נפת יזרעאל,עמק בית שאן,ללא שיוך למטרופולין,330,קיבוץ,עמק המעיינות,אשכול רשויות הכנרת והעמקים,214,0.4
רתמים,1260,1983,6,מחוז הדרום,נפת באר שבע,הר הנגב הצפוני,ללא שיוך למטרופולין,320,מושב שיתופי,רמת נגב,אשכול רשויות נגב מזרחי,610,0.1
שאר ישוב,324,1940,2,מחוז הצפון,נפת צפת,עמק חולה,ללא שיוך למטרופולין,310,מושב,מבואות החרמון,אשכול רשויות גליל מזרחי,211,0.4
שבי דרום,1377,2017,6,מחוז הדרום,נפת באר שבע,אזור גרר,ללא שיוך למטרופולין,310,מושב,מרחבים,אשכול רשויות נגב מערבי,620,0.1
שבי ציון,282,1938,2,מחוז הצפון,נפת עכו,אזור נהרייה,"מטרופולין חיפה, טבעת חיצונית, גזרה צפונית",320,מושב שיתופי,מטה אשר,אשכול רשויות גליל מערבי,212,0.4
שבי שומרון,3571,1977,7,אזור יהודה ושומרון,,,ללא שיוך למטרופולין,370,יישוב קהילתי,שומרון,אשכול רשויות יהודה ושומרון,710,0.3
שבלי - אום אל-גנם,913,,2,מחוז הצפון,נפת יזרעאל,הרי נצרת-תירען,ללא שיוך למטרופולין,280,"יישוב לא יהודי 9,999-5,000 תושבים",מועצה מקומית,אשכול רשויות הכנרת והעמקים,214,1.4
שגב-שלום,1286,,6,מחוז הדרום,נפת באר שבע,אזור באר שבע,"מטרופולין באר שבע, טבעת חיצונית, גזרה מזרחית",270,"יישוב לא יהודי 19,999-10,000 תושבים",מועצה מקומית,אשכול רשויות נגב מזרחי,610,3.7
שדה אילן,721,1949,2,מחוז הצפון,נפת כנרת,גליל תחתון מזרחי,ללא שיוך למטרופולין,310,מושב,הגליל התחתון,אשכול רשויות הכנרת והעמקים,214,0.4
שדה אליהו,304,1939,2,מחוז הצפון,נפת יזרעאל,עמק בית שאן,ללא שיוך למטרופולין,330,קיבוץ,עמק המעיינות,אשכול רשויות הכנרת והעמקים,214,0.4
שדה אליעזר,861,1952,2,מחוז הצפון,נפת צפת,עמק חולה,ללא שיוך למטרופולין,310,מושב,מבואות החרמון,אשכול רשויות גליל מזרחי,211,0.6
שדה בוקר,885,1952,6,מחוז הדרום,נפת באר שבע,הר הנגב הצפוני,ללא שיוך למטרופולין,330,קיבוץ,רמת נגב,אשכול רשויות נגב מזרחי,610,0.3
שדה דוד,36,1955,6,מחוז הדרום,נפת אשקלון,אזור לכיש,ללא שיוך למטרופולין,310,מושב,לכיש,ללא שיוך לאשכול,0,0.4
שדה ורבורג,284,1938,4,מחוז המרכז,נפת פתח תקווה,דרום השרון,"מטרופולין תל אביב, טבעת חיצונית, גזרה צפונית",310,מושב,דרום השרון,אשכול רשויות השרון,410,0.8
שדה יואב,293,1956,6,מחוז הדרום,נפת אשקלון,אזור מלאכי,ללא שיוך למטרופולין,330,קיבוץ,יואב,אשכול רשויות שורק דרומי,420,0.3
שדה יעקב,142,1927,2,מחוז הצפון,נפת יזרעאל,אזור יקנעם,ללא שיוך למטרופולין,310,מושב,עמק יזרעאל,אשכול רשויות הגליל והעמקים,213,0.5
שדה יצחק,2008,1952,3,מחוז חיפה,נפת חדרה,אזור חדרה,ללא שיוך למטרופולין,310,מושב,מנשה,ללא שיוך לאשכול,0,0.3
שדה משה,18,1956,6,מחוז הדרום,נפת אשקלון,אזור לכיש,ללא שיוך למטרופולין,310,מושב,לכיש,ללא שיוך לאשכול,0,0.4
שדה נחום,259,1937,2,מחוז הצפון,נפת יזרעאל,עמק בית שאן,ללא שיוך למטרופולין,330,קיבוץ,עמק המעיינות,אשכול רשויות הכנרת והעמקים,214,0.3
שדה נחמיה,329,1940,2,מחוז הצפון,נפת צפת,עמק חולה,ללא שיוך למטרופולין,330,קיבוץ,הגליל העליון,אשכול רשויות גליל מזרחי,211,0.5
שדה ניצן,1058,1973,6,מחוז הדרום,נפת באר שבע,אזור בשור,ללא שיוך למטרופולין,310,מושב,אשכול,אשכול רשויות נגב מערבי,620,0.3
שדה עוזיהו,739,1950,6,מחוז הדרום,נפת אשקלון,אזור מלאכי,"מטרופולין תל אביב, טבעת חיצונית, גזרה דרומית",310,מושב,באר טוביה,אשכול רשויות שורק דרומי,420,0.8
שדה צבי,2049,1953,6,מחוז הדרום,נפת באר שבע,אזור גרר,ללא שיוך למטרופולין,310,מושב,מרחבים,אשכול רשויות נגב מערבי,620,0.4
שדות ים,327,1940,3,מחוז חיפה,נפת חדרה,אזור חדרה,ללא שיוך למטרופולין,330,קיבוץ,חוף הכרמל,ללא שיוך לאשכול,0,0.5
שדות מיכה,27,1955,1,מחוז ירושלים,נפת ירושלים,שפלת יהודה,ללא שיוך למטרופולין,310,מושב,מטה יהודה,ללא שיוך לאשכול,0,0.2
שדי אברהם,1223,1981,6,מחוז הדרום,נפת באר שבע,אזור בשור,ללא שיוך למטרופולין,310,מושב,אשכול,אשכול רשויות נגב מערבי,620,0.3
שדי חמד,2015,1952,4,מחוז המרכז,נפת פתח תקווה,דרום השרון,"מטרופולין תל אביב, טבעת חיצונית, גזרה מזרחית",310,מושב,דרום השרון,אשכול רשויות השרון,410,0.4
שדי תרומות,2057,1951,2,מחוז הצפון,נפת יזרעאל,עמק בית שאן,ללא שיוך למטרופולין,310,מושב,עמק המעיינות,אשכול רשויות הכנרת והעמקים,214,0.4
שדמה,555,1954,4,מחוז המרכז,נפת רחובות,אזור רחובות,"מטרופולין תל אביב, טבעת חיצונית, גזרה דרומית",310,מושב,גדרות,ללא שיוך לאשכול,0,0.3
שדמות דבורה,306,1939,2,מחוז הצפון,נפת כנרת,גליל תחתון מזרחי,ללא שיוך למטרופולין,310,מושב,הגליל התחתון,אשכול רשויות הכנרת והעמקים,214,0.5
שדמות מחולה,3578,1979,7,אזור יהודה ושומרון,,,ללא שיוך למטרופולין,320,מושב שיתופי,ערבות הירדן,אשכול רשויות יהודה ושומרון,710,0.2
שדרות,1031,1951,6,מחוז הדרום,נפת אשקלון,אזור אשקלון,ללא שיוך למטרופולין,160,"יישוב יהודי 49,999-20,000 תושבים",עירייה,אשכול רשויות נגב מערבי,620,4.4
שואבה,741,1950,1,מחוז ירושלים,נפת ירושלים,הרי יהודה,"מטרופולין ירושלים, טבעת חיצונית, גזרה מערבית",310,מושב,מטה יהודה,ללא שיוך לאשכול,0,0.2
שובה,761,1950,6,מחוז הדרום,נפת באר שבע,אזור גרר,ללא שיוך למטרופולין,310,מושב,שדות נגב,אשכול רשויות נגב מערבי,620,0.4
שובל,394,1946,6,מחוז הדרום,נפת באר שבע,אזור גרר,"מטרופולין באר שבע, טבעת חיצונית, גזרה צפונית",330,קיבוץ,בני שמעון,אשכול רשויות נגב מערבי,620,0.4
שוהם,1304,1993,4,מחוז המרכז,נפת רמלה,אזור מודיעין,"מטרופולין תל אביב, טבעת חיצונית, גזרה מזרחית",160,"יישוב יהודי 49,999-20,000 תושבים",מועצה מקומית,ללא שיוך לאשכול,0,2.7
שומרה,614,1949,2,מחוז הצפון,נפת עכו,אזור אילון,ללא שיוך למטרופולין,310,מושב,מעלה יוסף,אשכול רשויות גליל מערבי,212,0.3
שומרייה,1265,1984,6,מחוז הדרום,נפת באר שבע,אזור באר שבע,"מטרופולין באר שבע, טבעת חיצונית, גזרה צפונית",330,קיבוץ,בני שמעון,אשכול רשויות נגב מערבי,620,0.3
שוקדה,415,1957,6,מחוז הדרום,נפת באר שבע,אזור גרר,ללא שיוך למטרופולין,310,מושב,שדות נגב,אשכול רשויות נגב מערבי,620,0.3
שורש,456,1948,1,מחוז ירושלים,נפת ירושלים,הרי יהודה,"מטרופולין ירושלים, טבעת חיצונית, גזרה מערבית",320,מושב שיתופי,מטה יהודה,ללא שיוך לאשכול,0,0.3
שורשים,1235,1985,2,מחוז הצפון,נפת עכו,אזור כרמיאל,"מטרופולין חיפה, טבעת חיצונית, גזרה צפונית",320,מושב שיתופי,משגב,אשכול רשויות בית הכרם הגלילי,210,0.2
שושנת העמקים,224,1951,4,מחוז המרכז,נפת השרון,מערב השרון,"מטרופולין תל אביב, טבעת חיצונית, גזרה צפונית",350,יישוב כפרי אחר יהודי,עמק חפר,ללא שיוך לאשכול,0,0.1
שזור,527,1953,2,מחוז הצפון,נפת עכו,אזור כרמיאל,ללא שיוך למטרופולין,310,מושב,מרום הגליל,אשכול רשויות גליל מזרחי,211,0.3
שחר,7,1955,6,מחוז הדרום,נפת אשקלון,אזור לכיש,ללא שיוך למטרופולין,310,מושב,לכיש,ללא שיוך לאשכול,0,0.5
שחרות,1266,1985,6,מחוז הדרום,נפת באר שבע,הר הנגב הדרומי,ללא שיוך למטרופולין,370,יישוב קהילתי,חבל אילות,אשכול רשויות נגב מזרחי,610,0.1
שיבולים,865,1952,6,מחוז הדרום,נפת באר שבע,אזור גרר,ללא שיוך למטרופולין,310,מושב,שדות נגב,אשכול רשויות נגב מערבי,620,0.3
שיזף,1378,2021,6,מחוז הדרום,נפת באר שבע,הר הנגב הצפוני,ללא שיוך למטרופולין,370,יישוב קהילתי,רמת נגב,אשכול רשויות נגב מזרחי,610,0
שייח' דנון,658,,2,מחוז הצפון,נפת עכו,אזור יחיעם,ללא שיוך למטרופולין,290,"יישוב לא יהודי 4,999-2,000 תושבים",מטה אשר,אשכול רשויות גליל מערבי,212,0.4
שילה,3641,1979,7,אזור יהודה ושומרון,,,ללא שיוך למטרופולין,190,"יישוב יהודי 4,999-2,000 תושבים",מטה בנימין,אשכול רשויות יהודה ושומרון,710,0.6
שילת,1165,1977,4,מחוז המרכז,נפת רמלה,אזור רמלה,"מטרופולין תל אביב, טבעת חיצונית, גזרה מזרחית",310,מושב,חבל מודיעין,ללא שיוך לאשכול,0,0.5
שכניה,1160,1980,2,מחוז הצפון,נפת עכו,אזור שפרעם,"מטרופולין חיפה, טבעת חיצונית, גזרה צפונית",370,יישוב קהילתי,משגב,אשכול רשויות בית הכרם הגלילי,210,0.3
שלווה,873,1952,6,מחוז הדרום,נפת אשקלון,אזור לכיש,ללא שיוך למטרופולין,310,מושב,שפיר,ללא שיוך לאשכול,0,0.4
שלוחות,439,1948,2,מחוז הצפון,נפת יזרעאל,עמק בית שאן,ללא שיוך למטרופולין,330,קיבוץ,עמק המעיינות,אשכול רשויות הכנרת והעמקים,214,0.2
שלומי,812,1950,2,מחוז הצפון,נפת עכו,אזור נהרייה,ללא שיוך למטרופולין,180,"יישוב יהודי 9,999-5,000 תושבים",מועצה מקומית,אשכול רשויות גליל מערבי,212,1.6
שלומית,1364,2011,6,מחוז הדרום,נפת באר שבע,אזור בשור,ללא שיוך למטרופולין,370,יישוב קהילתי,אשכול,אשכול רשויות נגב מערבי,620,0.1
שמיר,366,1944,2,מחוז הצפון,נפת צפת,עמק חולה,ללא שיוך למטרופולין,330,קיבוץ,הגליל העליון,אשכול רשויות גליל מזרחי,211,0.4
שמעה,3784,1985,7,אזור יהודה ושומרון,,,ללא שיוך למטרופולין,370,יישוב קהילתי,הר חברון,אשכול רשויות יהודה ושומרון,710,0.2
שמרת,432,1948,2,מחוז הצפון,נפת עכו,אזור עכו,"מטרופולין חיפה, טבעת חיצונית, גזרה צפונית",330,קיבוץ,מטה אשר,אשכול רשויות גליל מערבי,212,0.4
שמשית,1337,2000,2,מחוז הצפון,נפת יזרעאל,הרי נצרת-תירען,"מטרופולין חיפה, טבעת חיצונית, גזרה מזרחית",190,"יישוב יהודי 4,999-2,000 תושבים",עמק יזרעאל,אשכול רשויות הגליל והעמקים,213,0.5
שני,1287,1989,6,מחוז הדרום,נפת באר שבע,אזור באר שבע,ללא שיוך למטרופולין,370,יישוב קהילתי,חסר מעמד,ללא שיוך לאשכול,0,0.2
שניר,1132,1967,2,מחוז הצפון,נפת צפת,עמק חולה,ללא שיוך למטרופולין,330,קיבוץ,הגליל העליון,אשכול רשויות גליל מזרחי,211,0.3
שעב,538,,2,מחוז הצפון,נפת עכו,אזור שפרעם,"מטרופולין חיפה, טבעת חיצונית, גזרה צפונית",280,"יישוב לא יהודי 9,999-5,000 תושבים",מועצה מקומית,ללא שיוך לאשכול,0,0.8
שעל,4009,1976,2,מחוז הצפון,נפת גולן,גולן צפוני,ללא שיוך למטרופולין,310,מושב,גולן,אשכול רשויות גליל מזרחי,211,0.2
שעלבים,856,1951,4,מחוז המרכז,נפת רמלה,אזור רמלה,"מטרופולין תל אביב, טבעת חיצונית, גזרה דרומית",330,קיבוץ,גזר,ללא שיוך לאשכול,0,0.3
שער אפרים,661,1953,4,מחוז המרכז,נפת השרון,מזרח השרון,"מטרופולין תל אביב, טבעת חיצונית, גזרה צפונית",310,מושב,לב השרון,אשכול רשויות השרון,410,0.6
שער הגולן,264,1937,2,מחוז הצפון,נפת כנרת,כנרות,ללא שיוך למטרופולין,330,קיבוץ,עמק הירדן,אשכול רשויות הכנרת והעמקים,214,0.3
שער העמקים,237,1935,3,מחוז חיפה,נפת חיפה,אזור חיפה,"מטרופולין חיפה, טבעת פנימית, גזרה מזרחית",330,קיבוץ,זבולון,אשכול רשויות המפרץ,310,0.3
שערי תקווה,3720,1983,7,אזור יהודה ושומרון,,,"מטרופולין תל אביב, טבעת חיצונית, גזרת יישובים ישראלים ביהודה ושומרון",180,"יישוב יהודי 9,999-5,000 תושבים",שומרון,אשכול רשויות יהודה ושומרון,710,0.9
שפיים,232,1935,4,מחוז המרכז,נפת השרון,מערב השרון,"מטרופולין תל אביב, טבעת חיצונית, גזרה צפונית",330,קיבוץ,חוף השרון,ללא שיוך לאשכול,0,0.8
שפיר,692,1949,6,מחוז הדרום,נפת אשקלון,אזור מלאכי,ללא שיוך למטרופולין,310,מושב,שפיר,ללא שיוך לאשכול,0,0.5
שפר,846,1950,2,מחוז הצפון,נפת צפת,גליל עליון מזרחי,ללא שיוך למטרופולין,310,מושב,מרום הגליל,אשכול רשויות גליל מזרחי,211,0.2
שפרעם,8800,,2,מחוז הצפון,נפת עכו,אזור שפרעם,"מטרופולין חיפה, טבעת חיצונית, גזרה צפונית",260,"יישוב לא יהודי 49,999-20,000 תושבים",עירייה,אשכול רשויות המפרץ,310,8.4
שקד,3649,1981,7,אזור יהודה ושומרון,,,ללא שיוך למטרופולין,370,יישוב קהילתי,שומרון,אשכול רשויות יהודה ושומרון,710,0.3
שקף,1233,1982,6,מחוז הדרום,נפת אשקלון,אזור לכיש,ללא שיוך למטרופולין,310,מושב,לכיש,ללא שיוך לאשכול,0,0.3
שרונה,292,1938,2,מחוז הצפון,נפת כנרת,גליל תחתון מזרחי,ללא שיוך למטרופולין,310,מושב,הגליל התחתון,אשכול רשויות הכנרת והעמקים,214,0.6
שריגים (לי-און),1114,1960,1,מחוז ירושלים,נפת ירושלים,שפלת יהודה,"מטרופולין ירושלים, טבעת חיצונית, גזרה מערבית",350,יישוב כפרי אחר יהודי,מטה יהודה,ללא שיוך לאשכול,0,0.3
שריד,126,1926,2,מחוז הצפון,נפת יזרעאל,עמק יזרעאל,ללא שיוך למטרופולין,330,קיבוץ,עמק יזרעאל,אשכול רשויות הגליל והעמקים,213,0.6
שרשרת,398,1951,6,מחוז הדרום,נפת באר שבע,אזור גרר,ללא שיוך למטרופולין,310,מושב,שדות נגב,אשכול רשויות נגב מערבי,620,0.3
שתולה,1045,1969,2,מחוז הצפון,נפת עכו,אזור אילון,ללא שיוך למטרופולין,310,מושב,מעלה יוסף,אשכול רשויות גליל מערבי,212,0.3
שתולים,763,1950,6,מחוז הדרום,נפת אשקלון,אזור מלאכי,"מטרופולין תל אביב, טבעת חיצונית, גזרה דרומית",191,"מושב 4,999-2,000 תושבים",באר טוביה,אשכול רשויות שורק דרומי,420,0.7
תאשור,2062,1953,6,מחוז הדרום,נפת באר שבע,אזור גרר,"מטרופולין באר שבע, טבעת חיצונית, גזרה מערבית",310,מושב,בני שמעון,אשכול רשויות נגב מערבי,620,0.3
תדהר,2061,1953,6,מחוז הדרום,נפת באר שבע,אזור גרר,"מטרופולין באר שבע, טבעת חיצונית, גזרה מערבית",310,מושב,בני שמעון,אשכול רשויות נגב מערבי,620,0.4
תובל,1172,1980,2,מחוז הצפון,נפת עכו,אזור יחיעם,ללא שיוך למטרופולין,330,קיבוץ,משגב,אשכול רשויות בית הכרם הגלילי,210,0.2
תומר,3558,1978,7,אזור יהודה ושומרון,,,ללא שיוך למטרופולין,310,מושב,ערבות הירדן,אשכול רשויות יהודה ושומרון,710,0.2
תושייה,1083,1958,6,מחוז הדרום,נפת באר שבע,אזור גרר,ללא שיוך למטרופולין,350,יישוב כפרי אחר יהודי,שדות נגב,אשכול רשויות נגב מערבי,620,0.2
תימורים,163,1954,6,מחוז הדרום,נפת אשקלון,אזור מלאכי,"מטרופולין תל אביב, טבעת חיצונית, גזרה דרומית",320,מושב שיתופי,באר טוביה,אשכול רשויות שורק דרומי,420,0.4
תירוש,10,1955,1,מחוז ירושלים,נפת ירושלים,שפלת יהודה,ללא שיוך למטרופולין,310,מושב,מטה יהודה,ללא שיוך לאשכול,0,0.4
תל אביב -יפו,5000,1909,5,מחוז תל אביב,נפת תל אביב,אזור תל אביב,"מטרופולין תל אביב, גלעין",130,"יישוב יהודי 499,999-200,000 תושבים",עירייה,ללא שיוך לאשכול,0,38.9
תל יוסף,84,1921,2,מחוז הצפון,נפת יזרעאל,עמק חרוד,ללא שיוך למטרופולין,330,קיבוץ,הגלבוע,אשכול רשויות הגליל והעמקים,213,0.3
תל יצחק,287,1938,4,מחוז המרכז,נפת השרון,מערב השרון,"מטרופולין תל אביב, טבעת חיצונית, גזרה צפונית",330,קיבוץ,חוף השרון,ללא שיוך לאשכול,0,0.2
תל מונד,154,1929,4,מחוז המרכז,נפת השרון,מערב השרון,"מטרופולין תל אביב, טבעת חיצונית, גזרה צפונית",170,"יישוב יהודי 19,999-10,000 תושבים",מועצה מקומית,אשכול רשויות השרון,410,2.3
תל עדשים,103,1923,2,מחוז הצפון,נפת יזרעאל,עמק יזרעאל,ללא שיוך למטרופולין,310,מושב,עמק יזרעאל,אשכול רשויות הגליל והעמקים,213,0.7
תל קציר,719,1949,2,מחוז הצפון,נפת כנרת,כנרות,ללא שיוך למטרופולין,330,קיבוץ,עמק הירדן,אשכול רשויות הכנרת והעמקים,214,0.2
תל שבע,1054,,6,מחוז הדרום,נפת באר שבע,אזור באר שבע,"מטרופולין באר שבע, טבעת חיצונית, גזרה מזרחית",260,"יישוב לא יהודי 49,999-20,000 תושבים",מועצה מקומית,אשכול רשויות נגב מזרחי,610,4
תל תאומים,1283,1987,2,מחוז הצפון,נפת יזרעאל,עמק בית שאן,ללא שיוך למטרופולין,370,יישוב קהילתי,עמק המעיינות,אשכול רשויות הכנרת והעמקים,214,0.3
תלם,3719,1982,7,אזור יהודה ושומרון,,,ללא שיוך למטרופולין,320,מושב שיתופי,הר חברון,אשכול רשויות יהודה ושומרון,710,0.1
תלמי אליהו,1051,1970,6,מחוז הדרום,נפת באר שבע,אזור בשור,ללא שיוך למטרופולין,310,מושב,אשכול,אשכול רשויות נגב מערבי,620,0.3
תלמי אלעזר,2003,1952,3,מחוז חיפה,נפת חדרה,אזור חדרה,ללא שיוך למטרופולין,310,מושב,מנשה,ללא שיוך לאשכול,0,0.4
"תלמי ביל""ו",2050,1953,6,מחוז הדרום,נפת באר שבע,אזור גרר,ללא שיוך למטרופולין,310,מושב,מרחבים,אשכול רשויות נגב מערבי,620,0.4
תלמי יוסף,1237,1982,6,מחוז הדרום,נפת באר שבע,אזור בשור,ללא שיוך למטרופולין,310,מושב,אשכול,אשכול רשויות נגב מערבי,620,0.3
תלמי יחיאל,727,1949,6,מחוז הדרום,נפת אשקלון,אזור מלאכי,"מטרופולין תל אביב, טבעת חיצונית, גזרה דרומית",310,מושב,באר טוביה,אשכול רשויות שורק דרומי,420,0.5
תלמי יפה,744,1950,6,מחוז הדרום,נפת אשקלון,אזור אשקלון,ללא שיוך למטרופולין,320,מושב שיתופי,חוף אשקלון,אשכול רשויות נגב מערבי,620,0.3
תלמים,814,1950,6,מחוז הדרום,נפת אשקלון,אזור לכיש,ללא שיוך למטרופולין,310,מושב,לכיש,ללא שיוך לאשכול,0,0.5
תמרת,1244,1983,2,מחוז הצפון,נפת יזרעאל,הרי נצרת-תירען,ללא שיוך למטרופולין,370,יישוב קהילתי,עמק יזרעאל,אשכול רשויות הגליל והעמקים,213,0.6
תנובות,2002,1952,4,מחוז המרכז,נפת השרון,מערב השרון,"מטרופולין תל אביב, טבעת חיצונית, גזרה צפונית",310,מושב,לב השרון,אשכול רשויות השרון,410,0.4
תעוז,752,1950,1,מחוז ירושלים,נפת ירושלים,שפלת יהודה,"מטרופולין ירושלים, טבעת חיצונית, גזרה מערבית",310,מושב,מטה יהודה,ללא שיוך לאשכול,0,0.3
תפרח,709,1949,6,מחוז הדרום,נפת באר שבע,אזור בשור,"מטרופולין באר שבע, טבעת חיצונית, גזרה מערבית",191,"מושב 4,999-2,000 תושבים",מרחבים,אשכול רשויות נגב מערבי,620,0.8
תקומה,665,1949,6,מחוז הדרום,נפת באר שבע,אזור גרר,ללא שיוך למטרופולין,310,מושב,שדות נגב,אשכול רשויות נגב מערבי,620,0.4
תקוע,3563,1977,7,אזור יהודה ושומרון,,,"מטרופולין ירושלים, טבעת חיצונית, גזרת יישובים ישראלים ביהודה ושומרון",190,"יישוב יהודי 4,999-2,000 תושבים",גוש עציון,ללא שיוך לאשכול,0,0.7
תרבין א-צאנע (יישוב)*,1346,2005,6,מחוז הדרום,נפת באר שבע,אזור באר שבע,"מטרופולין באר שבע, טבעת חיצונית, גזרה צפונית",450,יישוב כפרי אחר לא יהודי,אל קסום,אשכול רשויות נגב מזרחי,610,0.7
תרום,778,1950,1,מחוז ירושלים,נפת ירושלים,שפלת יהודה,"מטרופולין ירושלים, טבעת חיצונית, גזרה מערבית",310,מושב,מטה יהודה,ללא שיוך לאשכול,0,0.4
